<?xml version="1.0" encoding="UTF-8" standalone="no"?>
<scenario xmlns:xsi="http://www.w3.org/2001/XMLSchema-instance" analysisNo="801" assimMode="0" name="Navrongo IPTi treated" schemaVersion="21" wuID="53630539" xsi:noNamespaceSchemaLocation="scenario.xsd">
  <demography maximumAgeYrs="4" name="Navrongo" popSize="500">
    <ageGroup lowerbound="0.0">
      <group poppercent="2.941827" upperbound="1"/>
      <group poppercent="11.15532" upperbound="5"/>
      <group poppercent="14.64639" upperbound="10"/>
      <group poppercent="13.79542" upperbound="15"/>
      <group poppercent="10.19606" upperbound="20"/>
      <group poppercent="6.72017" upperbound="25"/>
      <group poppercent="5.505589" upperbound="30"/>
      <group poppercent="5.288869" upperbound="35"/>
      <group poppercent="5.589876" upperbound="40"/>
      <group poppercent="4.477655" upperbound="45"/>
      <group poppercent="4.465077" upperbound="50"/>
      <group poppercent="4.220166" upperbound="55"/>
      <group poppercent="4.059831" upperbound="60"/>
      <group poppercent="2.462848" upperbound="65"/>
      <group poppercent="2.144926" upperbound="70"/>
      <group poppercent="1.068559" upperbound="75"/>
      <group poppercent="0.7642273" upperbound="80"/>
      <group poppercent="0.2629833" upperbound="85"/>
      <group poppercent="0.2342127" upperbound="90"/>
    </ageGroup>
  </demography>
  <monitoring name="Navrongo IPTi">
    <SurveyOptions>
      <option name="nHost" value="true"/>
      <option name="nInfect" value="true"/>
      <option name="nExpectd" value="true"/>
      <option name="nPatent" value="true"/>
      <option name="sumLogPyrogenThres" value="true"/>
      <option name="sumlogDens" value="true"/>
      <option name="totalInfs" value="true"/>
      <option name="nTransmit" value="true"/>
      <option name="totalPatentInf" value="true"/>
      <option name="contrib" value="true"/>
      <option name="sumPyrogenThresh" value="true"/>
      <option name="nTreatments1" value="true"/>
      <option name="nTreatments2" value="true"/>
      <option name="nTreatments3" value="true"/>
      <option name="nUncomp" value="true"/>
      <option name="nSevere" value="true"/>
      <option name="nSeq" value="true"/>
      <option name="nHospitalDeaths" value="true"/>
      <option name="nIndDeaths" value="true"/>
      <option name="nDirDeaths" value="true"/>
      <option name="nEPIVaccinations" value="true"/>
      <option name="allCauseIMR" value="true"/>
      <option name="nMassVaccinations" value="true"/>
      <option name="nHospitalRecovs" value="true"/>
      <option name="nHospitalSeqs" value="true"/>
      <option name="nIPTDoses" value="true"/>
    </SurveyOptions>
    <surveys detectionLimit="40">
      <surveyTime>290</surveyTime>
    </surveys>
    <ageGroup lowerbound="0.0">
      <group upperbound="0.25"/>
      <group upperbound="0.31"/>
      <group upperbound="0.75"/>
      <group upperbound="0.81"/>
      <group upperbound="1.25"/>
      <group upperbound="1.31"/>
      <group upperbound="2.0"/>
      <group upperbound="99"/>
    </ageGroup>
  </monitoring>
  <interventions name="Navrongo IPTi treated">
    <descriptions>
      <iptiDescription iptiEffect="12">
        <infGenotype ACR="1.0" atten="1" freq="0.6" name="wt" proph="10" tolPeriod="4"/>
        <infGenotype ACR="1.0" atten="1" freq="0.2" name="108" proph="2" tolPeriod="4"/>
        <infGenotype ACR="0.5" atten="1" freq="0.2" name="triples" proph="0" tolPeriod="4"/>
      </iptiDescription>
    </descriptions>
    <continuous>
      <ipti coverage="0.955" targetAgeYrs="0.25"/>
      <ipti coverage="0.901" targetAgeYrs="0.75"/>
      <ipti coverage="0.919" targetAgeYrs="1.25"/>
    </continuous>
  </interventions>
  <!--data are scaled to give annual total of 418 inf bites (corresponds to Appawu et al,)-->
  <healthSystem>
    <ImmediateOutcomes name="Navrongo Ipti ">
      <drugRegimen firstLine="SP" inpatient="QN" secondLine="SP"/>
      <initialACR>
        <CQ value="0"/>
        <SP value="1"/>
        <AQ value="0"/>
        <ACT value="0"/>
        <QN value="0"/>
        <selfTreatment value="0"/>
      </initialACR>
      <compliance>
        <CQ value="0"/>
        <SP value="1"/>
        <AQ value="0"/>
        <ACT value="0"/>
        <QN value="0"/>
        <selfTreatment value="0"/>
      </compliance>
      <nonCompliersEffective>
        <CQ value="0"/>
        <SP value="0"/>
        <AQ value="0"/>
        <ACT value="0"/>
        <QN value="0"/>
        <selfTreatment value="0"/>
      </nonCompliersEffective>
      <pSeekOfficialCareUncomplicated1 value="0.1"/>
      <pSelfTreatUncomplicated value="0"/>
      <pSeekOfficialCareUncomplicated2 value="0.1"/>
      <pSeekOfficialCareSevere value="0.48"/>
    </ImmediateOutcomes>
    <CFR>
      <group lowerbound="0" value="0.09189"/>
      <group lowerbound="0.25" value="0.0810811"/>
      <group lowerbound="0.75" value="0.0648649"/>
      <group lowerbound="1.5" value="0.0689189"/>
      <group lowerbound="2.5" value="0.0675676"/>
      <group lowerbound="3.5" value="0.0297297"/>
      <group lowerbound="4.5" value="0.0459459"/>
      <group lowerbound="7.5" value="0.0945946"/>
      <group lowerbound="12.5" value="0.1243243"/>
      <group lowerbound="15" value="0.1378378"/>
    </CFR>
    <pSequelaeInpatient>
      <group lowerbound="0.0" value="0.0"/>
      <group lowerbound="5.0" value="0.0"/>
    </pSequelaeInpatient>
  </healthSystem>
  <entoData mode="2" name="Navrongo">
    <nonVector eipDuration="10">
      <EIRDaily origin="data">0.6731</EIRDaily>
      <EIRDaily origin="interpolate">0.630555</EIRDaily>
      <EIRDaily origin="data">0.5873750000000001</EIRDaily>
      <EIRDaily origin="interpolate">0.84709</EIRDaily>
      <EIRDaily origin="data">1.10617</EIRDaily>
      <EIRDaily origin="interpolate">0.80391</EIRDaily>
      <EIRDaily origin="interpolate">0.502285</EIRDaily>
      <EIRDaily origin="data">0.200025</EIRDaily>
      <EIRDaily origin="interpolate">0.24257</EIRDaily>
      <EIRDaily origin="data">0.285115</EIRDaily>
      <EIRDaily origin="interpolate">0.28829</EIRDaily>
      <EIRDaily origin="data">0.29146500000000003</EIRDaily>
      <EIRDaily origin="interpolate">0.30734</EIRDaily>
      <EIRDaily origin="interpolate">0.32385</EIRDaily>
      <EIRDaily origin="data">0.339725</EIRDaily>
      <EIRDaily origin="interpolate">0.346075</EIRDaily>
      <EIRDaily origin="data">0.35242500000000004</EIRDaily>
      <EIRDaily origin="interpolate">0.307975</EIRDaily>
      <EIRDaily origin="data">0.26289</EIRDaily>
      <EIRDaily origin="interpolate">0.44704</EIRDaily>
      <EIRDaily origin="interpolate">0.631825</EIRDaily>
      <EIRDaily origin="data">0.815975</EIRDaily>
      <EIRDaily origin="interpolate">1.0655299999999999</EIRDaily>
      <EIRDaily origin="data">1.31445</EIRDaily>
      <EIRDaily origin="interpolate">0.770255</EIRDaily>
      <EIRDaily origin="data">0.22605999999999998</EIRDaily>
      <EIRDaily origin="interpolate">0.32004</EIRDaily>
      <EIRDaily origin="interpolate">0.414655</EIRDaily>
      <EIRDaily origin="data">0.5086350000000001</EIRDaily>
      <EIRDaily origin="interpolate">0.273685</EIRDaily>
      <EIRDaily origin="data">0.038735</EIRDaily>
      <EIRDaily origin="interpolate">0.05715</EIRDaily>
      <EIRDaily origin="data">0.075565</EIRDaily>
      <EIRDaily origin="interpolate">0.10160000000000001</EIRDaily>
      <EIRDaily origin="interpolate">0.12827000000000002</EIRDaily>
      <EIRDaily origin="data">0.154305</EIRDaily>
      <EIRDaily origin="interpolate">0.23113999999999998</EIRDaily>
      <EIRDaily origin="data">0.30734</EIRDaily>
      <EIRDaily origin="interpolate">0.272415</EIRDaily>
      <EIRDaily origin="data">0.23749</EIRDaily>
      <EIRDaily origin="interpolate">0.248285</EIRDaily>
      <EIRDaily origin="interpolate">0.259715</EIRDaily>
      <EIRDaily origin="data">0.27051</EIRDaily>
      <EIRDaily origin="interpolate">0.17081500000000002</EIRDaily>
      <EIRDaily origin="data">0.070485</EIRDaily>
      <EIRDaily origin="interpolate">0.32258000000000003</EIRDaily>
      <EIRDaily origin="data">0.574675</EIRDaily>
      <EIRDaily origin="interpolate">0.44068999999999997</EIRDaily>
      <EIRDaily origin="interpolate">0.30607</EIRDaily>
      <EIRDaily origin="data">0.17208500000000002</EIRDaily>
      <EIRDaily origin="interpolate">0.191135</EIRDaily>
      <EIRDaily origin="data">0.210185</EIRDaily>
      <EIRDaily origin="interpolate">0.548005</EIRDaily>
      <EIRDaily origin="data">0.885825</EIRDaily>
      <EIRDaily origin="interpolate">0.77343</EIRDaily>
      <EIRDaily origin="interpolate">0.6604</EIRDaily>
      <EIRDaily origin="data">0.548005</EIRDaily>
      <EIRDaily origin="interpolate">0.2794</EIRDaily>
      <EIRDaily origin="data">0.01016</EIRDaily>
      <EIRDaily origin="interpolate">0.053975</EIRDaily>
      <EIRDaily origin="data">0.09779</EIRDaily>
      <EIRDaily origin="interpolate">0.268605</EIRDaily>
      <EIRDaily origin="interpolate">0.438785</EIRDaily>
      <EIRDaily origin="data">0.6096</EIRDaily>
      <EIRDaily origin="interpolate">0.39751000000000003</EIRDaily>
      <EIRDaily origin="data">0.18478499999999998</EIRDaily>
      <EIRDaily origin="interpolate">0.113665</EIRDaily>
      <EIRDaily origin="data">0.04191</EIRDaily>
      <EIRDaily origin="interpolate">0.028575</EIRDaily>
      <EIRDaily origin="interpolate">0.01524</EIRDaily>
      <EIRDaily origin="data">0.001905</EIRDaily>
      <EIRDaily origin="interpolate">0.027305</EIRDaily>
      <EIRDaily origin="data">0.052070000000000005</EIRDaily>
      <EIRDaily origin="interpolate">0.04572</EIRDaily>
      <EIRDaily origin="data">0.038735</EIRDaily>
      <EIRDaily origin="interpolate">0.055244999999999995</EIRDaily>
      <EIRDaily origin="interpolate">0.071755</EIRDaily>
      <EIRDaily origin="data">0.08826500000000001</EIRDaily>
      <EIRDaily origin="interpolate">0.123825</EIRDaily>
      <EIRDaily origin="data">0.159385</EIRDaily>
      <EIRDaily origin="interpolate">0.19558</EIRDaily>
      <EIRDaily origin="data">0.23113999999999998</EIRDaily>
      <EIRDaily origin="interpolate">0.20891500000000002</EIRDaily>
      <EIRDaily origin="interpolate">0.187325</EIRDaily>
      <EIRDaily origin="data">0.1651</EIRDaily>
      <EIRDaily origin="interpolate">0.08953499999999999</EIRDaily>
      <EIRDaily origin="data">0.013335000000000001</EIRDaily>
      <EIRDaily origin="interpolate">0.036195000000000005</EIRDaily>
      <EIRDaily origin="data">0.05842</EIRDaily>
      <EIRDaily origin="interpolate">0.09525</EIRDaily>
      <EIRDaily origin="interpolate">0.132715</EIRDaily>
      <EIRDaily origin="data">0.169545</EIRDaily>
      <EIRDaily origin="interpolate">0.225425</EIRDaily>
      <EIRDaily origin="data">0.28067000000000003</EIRDaily>
      <EIRDaily origin="interpolate">0.16700500000000001</EIRDaily>
      <EIRDaily origin="data">0.052705</EIRDaily>
      <EIRDaily origin="interpolate">0.04318</EIRDaily>
      <EIRDaily origin="interpolate">0.033655</EIRDaily>
      <EIRDaily origin="data">0.02413</EIRDaily>
      <EIRDaily origin="interpolate">0.012065</EIRDaily>
      <EIRDaily origin="data">0</EIRDaily>
      <EIRDaily origin="interpolate">0</EIRDaily>
      <EIRDaily origin="data">0</EIRDaily>
      <EIRDaily origin="interpolate">0.017145</EIRDaily>
      <EIRDaily origin="interpolate">0.034925</EIRDaily>
      <EIRDaily origin="data">0.052070000000000005</EIRDaily>
      <EIRDaily origin="interpolate">0.040005</EIRDaily>
      <EIRDaily origin="data">0.027305</EIRDaily>
      <EIRDaily origin="interpolate">0.03556</EIRDaily>
      <EIRDaily origin="data">0.04318</EIRDaily>
      <EIRDaily origin="interpolate">0.041275</EIRDaily>
      <EIRDaily origin="interpolate">0.038735</EIRDaily>
      <EIRDaily origin="interpolate">0.03683</EIRDaily>
      <EIRDaily origin="interpolate">0.03429</EIRDaily>
      <EIRDaily origin="data">0.032385</EIRDaily>
      <EIRDaily origin="interpolate">0.03048</EIRDaily>
      <EIRDaily origin="data">0.02794</EIRDaily>
      <EIRDaily origin="interpolate">0.025400000000000002</EIRDaily>
      <EIRDaily origin="interpolate">0.023495</EIRDaily>
      <EIRDaily origin="interpolate">0.020955</EIRDaily>
      <EIRDaily origin="interpolate">0.018415</EIRDaily>
      <EIRDaily origin="interpolate">0.01651</EIRDaily>
      <EIRDaily origin="interpolate">0.01397</EIRDaily>
      <EIRDaily origin="interpolate">0.01143</EIRDaily>
      <EIRDaily origin="interpolate">0.009525</EIRDaily>
      <EIRDaily origin="interpolate">0.006985</EIRDaily>
      <EIRDaily origin="interpolate">0.004445</EIRDaily>
      <EIRDaily origin="interpolate">0.00254</EIRDaily>
      <EIRDaily origin="data">0</EIRDaily>
      <EIRDaily origin="interpolate">0.00508</EIRDaily>
      <EIRDaily origin="data">0.009525</EIRDaily>
      <EIRDaily origin="interpolate">0.01778</EIRDaily>
      <EIRDaily origin="interpolate">0.026670000000000003</EIRDaily>
      <EIRDaily origin="data">0.034925</EIRDaily>
      <EIRDaily origin="interpolate">0.04191</EIRDaily>
      <EIRDaily origin="data">0.048895</EIRDaily>
      <EIRDaily origin="interpolate">0.04953</EIRDaily>
      <EIRDaily origin="data">0.050165</EIRDaily>
      <EIRDaily origin="interpolate">0.055244999999999995</EIRDaily>
      <EIRDaily origin="interpolate">0.05969</EIRDaily>
      <EIRDaily origin="data">0.06477</EIRDaily>
      <EIRDaily origin="interpolate">0.05588</EIRDaily>
      <EIRDaily origin="data">0.046355</EIRDaily>
      <EIRDaily origin="interpolate">0.03683</EIRDaily>
      <EIRDaily origin="interpolate">0.02794</EIRDaily>
      <EIRDaily origin="interpolate">0.018415</EIRDaily>
      <EIRDaily origin="interpolate">0.009525</EIRDaily>
      <EIRDaily origin="data">0</EIRDaily>
      <EIRDaily origin="interpolate">0</EIRDaily>
      <EIRDaily origin="data">0</EIRDaily>
      <EIRDaily origin="interpolate">0.02159</EIRDaily>
      <EIRDaily origin="data">0.04318</EIRDaily>
      <EIRDaily origin="interpolate">0.052705</EIRDaily>
      <EIRDaily origin="interpolate">0.06223</EIRDaily>
      <EIRDaily origin="data">0.071755</EIRDaily>
      <EIRDaily origin="interpolate">0.062865</EIRDaily>
      <EIRDaily origin="interpolate">0.053975</EIRDaily>
      <EIRDaily origin="interpolate">0.045085</EIRDaily>
      <EIRDaily origin="data">0.036195000000000005</EIRDaily>
      <EIRDaily origin="interpolate">0.0762</EIRDaily>
      <EIRDaily origin="interpolate">0.11684</EIRDaily>
      <EIRDaily origin="data">0.156845</EIRDaily>
      <EIRDaily origin="interpolate">0.09017</EIRDaily>
      <EIRDaily origin="data">0.02286</EIRDaily>
      <EIRDaily origin="interpolate">0.02413</EIRDaily>
      <EIRDaily origin="data">0.024765</EIRDaily>
      <EIRDaily origin="interpolate">0.050165</EIRDaily>
      <EIRDaily origin="interpolate">0.0762</EIRDaily>
      <EIRDaily origin="data">0.10160000000000001</EIRDaily>
      <EIRDaily origin="interpolate">0.053975</EIRDaily>
      <EIRDaily origin="data">0.006350000000000001</EIRDaily>
      <EIRDaily origin="interpolate">0.01651</EIRDaily>
      <EIRDaily origin="interpolate">0.026670000000000003</EIRDaily>
      <EIRDaily origin="interpolate">0.03683</EIRDaily>
      <EIRDaily origin="interpolate">0.04699</EIRDaily>
      <EIRDaily origin="data">0.05715</EIRDaily>
      <EIRDaily origin="interpolate">0.03302</EIRDaily>
      <EIRDaily origin="data">0.00889</EIRDaily>
      <EIRDaily origin="interpolate">0.01143</EIRDaily>
      <EIRDaily origin="data">0.013335000000000001</EIRDaily>
      <EIRDaily origin="interpolate">0.028575</EIRDaily>
      <EIRDaily origin="interpolate">0.04381500000000001</EIRDaily>
      <EIRDaily origin="data">0.059055</EIRDaily>
      <EIRDaily origin="interpolate">0.04572</EIRDaily>
      <EIRDaily origin="interpolate">0.032385</EIRDaily>
      <EIRDaily origin="interpolate">0.018415</EIRDaily>
      <EIRDaily origin="data">0.00508</EIRDaily>
      <EIRDaily origin="interpolate">0.037465</EIRDaily>
      <EIRDaily origin="interpolate">0.070485</EIRDaily>
      <EIRDaily origin="data">0.10287</EIRDaily>
      <EIRDaily origin="interpolate">0.079375</EIRDaily>
      <EIRDaily origin="data">0.05588</EIRDaily>
      <EIRDaily origin="interpolate">0.04064</EIRDaily>
      <EIRDaily origin="data">0.024765</EIRDaily>
      <EIRDaily origin="interpolate">0.084455</EIRDaily>
      <EIRDaily origin="interpolate">0.14478000000000002</EIRDaily>
      <EIRDaily origin="data">0.20447</EIRDaily>
      <EIRDaily origin="interpolate">0.10731500000000001</EIRDaily>
      <EIRDaily origin="data">0.01016</EIRDaily>
      <EIRDaily origin="interpolate">0.02794</EIRDaily>
      <EIRDaily origin="interpolate">0.04572</EIRDaily>
      <EIRDaily origin="interpolate">0.062865</EIRDaily>
      <EIRDaily origin="interpolate">0.08064500000000001</EIRDaily>
      <EIRDaily origin="data">0.098425</EIRDaily>
      <EIRDaily origin="interpolate">0.055244999999999995</EIRDaily>
      <EIRDaily origin="data">0.012065</EIRDaily>
      <EIRDaily origin="interpolate">0.01143</EIRDaily>
      <EIRDaily origin="interpolate">0.01016</EIRDaily>
      <EIRDaily origin="interpolate">0.009525</EIRDaily>
      <EIRDaily origin="interpolate">0.008255</EIRDaily>
      <EIRDaily origin="interpolate">0.00762</EIRDaily>
      <EIRDaily origin="interpolate">0.006350000000000001</EIRDaily>
      <EIRDaily origin="data">0.005715</EIRDaily>
      <EIRDaily origin="interpolate">0.031115</EIRDaily>
      <EIRDaily origin="data">0.05588</EIRDaily>
      <EIRDaily origin="interpolate">0.08826500000000001</EIRDaily>
      <EIRDaily origin="interpolate">0.121285</EIRDaily>
      <EIRDaily origin="data">0.15367</EIRDaily>
      <EIRDaily origin="interpolate">0.08636</EIRDaily>
      <EIRDaily origin="data">0.01905</EIRDaily>
      <EIRDaily origin="interpolate">0.03175</EIRDaily>
      <EIRDaily origin="data">0.04445</EIRDaily>
      <EIRDaily origin="interpolate">0.15748</EIRDaily>
      <EIRDaily origin="interpolate">0.269875</EIRDaily>
      <EIRDaily origin="data">0.382905</EIRDaily>
      <EIRDaily origin="interpolate">0.23495</EIRDaily>
      <EIRDaily origin="data">0.08636</EIRDaily>
      <EIRDaily origin="interpolate">0.099695</EIRDaily>
      <EIRDaily origin="data">0.11302999999999999</EIRDaily>
      <EIRDaily origin="interpolate">0.10795</EIRDaily>
      <EIRDaily origin="interpolate">0.10287</EIRDaily>
      <EIRDaily origin="data">0.09779</EIRDaily>
      <EIRDaily origin="interpolate">0.06096</EIRDaily>
      <EIRDaily origin="data">0.023495</EIRDaily>
      <EIRDaily origin="interpolate">0.03683</EIRDaily>
      <EIRDaily origin="data">0.04953</EIRDaily>
      <EIRDaily origin="interpolate">0.04699</EIRDaily>
      <EIRDaily origin="interpolate">0.04381500000000001</EIRDaily>
      <EIRDaily origin="data">0.041275</EIRDaily>
      <EIRDaily origin="interpolate">0.03937</EIRDaily>
      <EIRDaily origin="interpolate">0.0381</EIRDaily>
      <EIRDaily origin="interpolate">0.036195000000000005</EIRDaily>
      <EIRDaily origin="data">0.03429</EIRDaily>
      <EIRDaily origin="interpolate">0.125095</EIRDaily>
      <EIRDaily origin="interpolate">0.216535</EIRDaily>
      <EIRDaily origin="data">0.30734</EIRDaily>
      <EIRDaily origin="interpolate">0.269875</EIRDaily>
      <EIRDaily origin="interpolate">0.231775</EIRDaily>
      <EIRDaily origin="interpolate">0.19431</EIRDaily>
      <EIRDaily origin="data">0.15621</EIRDaily>
      <EIRDaily origin="interpolate">0.7175499999999999</EIRDaily>
      <EIRDaily origin="interpolate">1.279525</EIRDaily>
      <EIRDaily origin="data">1.840865</EIRDaily>
      <EIRDaily origin="interpolate">1.0483850000000001</EIRDaily>
      <EIRDaily origin="data">0.255905</EIRDaily>
      <EIRDaily origin="interpolate">0.24511000000000002</EIRDaily>
      <EIRDaily origin="data">0.234315</EIRDaily>
      <EIRDaily origin="interpolate">0.494665</EIRDaily>
      <EIRDaily origin="interpolate">0.7556499999999999</EIRDaily>
      <EIRDaily origin="data">1.016</EIRDaily>
      <EIRDaily origin="interpolate">0.9277350000000001</EIRDaily>
      <EIRDaily origin="data">0.83947</EIRDaily>
      <EIRDaily origin="interpolate">0.43624500000000005</EIRDaily>
      <EIRDaily origin="data">0.03302</EIRDaily>
      <EIRDaily origin="interpolate">0.7766050000000001</EIRDaily>
      <EIRDaily origin="interpolate">1.519555</EIRDaily>
      <EIRDaily origin="data">2.26314</EIRDaily>
      <EIRDaily origin="interpolate">1.209675</EIRDaily>
      <EIRDaily origin="data">0.15621</EIRDaily>
      <EIRDaily origin="interpolate">0.6870700000000001</EIRDaily>
      <EIRDaily origin="data">1.21793</EIRDaily>
      <EIRDaily origin="interpolate">1.4039849999999998</EIRDaily>
      <EIRDaily origin="interpolate">1.5894050000000002</EIRDaily>
      <EIRDaily origin="data">1.7754599999999998</EIRDaily>
      <EIRDaily origin="interpolate">1.654175</EIRDaily>
      <EIRDaily origin="interpolate">1.53289</EIRDaily>
      <EIRDaily origin="data">1.411605</EIRDaily>
      <EIRDaily origin="data">2.818765</EIRDaily>
      <EIRDaily origin="interpolate">3.32994</EIRDaily>
      <EIRDaily origin="interpolate">3.8411150000000003</EIRDaily>
      <EIRDaily origin="data">4.35229</EIRDaily>
      <EIRDaily origin="interpolate">2.553335</EIRDaily>
      <EIRDaily origin="data">0.753745</EIRDaily>
      <EIRDaily origin="interpolate">0.866775</EIRDaily>
      <EIRDaily origin="data">0.9798049999999999</EIRDaily>
      <EIRDaily origin="data">2.15011</EIRDaily>
      <EIRDaily origin="interpolate">4.670425000000001</EIRDaily>
      <EIRDaily origin="data">7.190105</EIRDaily>
      <EIRDaily origin="interpolate">3.931285</EIRDaily>
      <EIRDaily origin="data">0.672465</EIRDaily>
      <EIRDaily origin="interpolate">1.463675</EIRDaily>
      <EIRDaily origin="data">2.25425</EIRDaily>
      <EIRDaily origin="interpolate">2.7876499999999997</EIRDaily>
      <EIRDaily origin="interpolate">3.3210500000000005</EIRDaily>
      <EIRDaily origin="data">3.8544500000000004</EIRDaily>
      <EIRDaily origin="interpolate">2.6130250000000004</EIRDaily>
      <EIRDaily origin="data">1.3716000000000002</EIRDaily>
      <EIRDaily origin="interpolate">2.3317200000000002</EIRDaily>
      <EIRDaily origin="data">3.29184</EIRDaily>
      <EIRDaily origin="interpolate">4.233545</EIRDaily>
      <EIRDaily origin="interpolate">5.17525</EIRDaily>
      <EIRDaily origin="data">6.116955</EIRDaily>
      <EIRDaily origin="interpolate">4.8850549999999995</EIRDaily>
      <EIRDaily origin="data">3.653155</EIRDaily>
      <EIRDaily origin="interpolate">4.575810000000001</EIRDaily>
      <EIRDaily origin="interpolate">5.498465</EIRDaily>
      <EIRDaily origin="interpolate">6.421755</EIRDaily>
      <EIRDaily origin="interpolate">7.344410000000001</EIRDaily>
      <EIRDaily origin="data">8.267065</EIRDaily>
      <EIRDaily origin="interpolate">6.122035</EIRDaily>
      <EIRDaily origin="data">3.977005</EIRDaily>
      <EIRDaily origin="interpolate">6.15315</EIRDaily>
      <EIRDaily origin="data">8.329295</EIRDaily>
      <EIRDaily origin="interpolate">7.4803</EIRDaily>
      <EIRDaily origin="interpolate">6.63067</EIRDaily>
      <EIRDaily origin="data">5.781675000000001</EIRDaily>
      <EIRDaily origin="interpolate">4.73837</EIRDaily>
      <EIRDaily origin="data">3.6944299999999997</EIRDaily>
      <EIRDaily origin="interpolate">4.7396400000000005</EIRDaily>
      <EIRDaily origin="data">5.78485</EIRDaily>
      <EIRDaily origin="interpolate">8.175625</EIRDaily>
      <EIRDaily origin="interpolate">10.565764999999999</EIRDaily>
      <EIRDaily origin="data">12.95654</EIRDaily>
      <EIRDaily origin="interpolate">8.951595</EIRDaily>
      <EIRDaily origin="data">4.946015</EIRDaily>
      <EIRDaily origin="interpolate">4.841875</EIRDaily>
      <EIRDaily origin="interpolate">4.737735000000001</EIRDaily>
      <EIRDaily origin="interpolate">4.633595</EIRDaily>
      <EIRDaily origin="interpolate">4.5294550000000005</EIRDaily>
      <EIRDaily origin="interpolate">4.42468</EIRDaily>
      <EIRDaily origin="interpolate">4.32054</EIRDaily>
      <EIRDaily origin="interpolate">4.2164</EIRDaily>
      <EIRDaily origin="interpolate">4.11226</EIRDaily>
      <EIRDaily origin="interpolate">4.00812</EIRDaily>
      <EIRDaily origin="interpolate">3.90398</EIRDaily>
      <EIRDaily origin="interpolate">3.79984</EIRDaily>
      <EIRDaily origin="interpolate">3.6957000000000004</EIRDaily>
      <EIRDaily origin="interpolate">3.5909250000000004</EIRDaily>
      <EIRDaily origin="interpolate">3.486785</EIRDaily>
      <EIRDaily origin="interpolate">3.382645</EIRDaily>
      <EIRDaily origin="interpolate">3.278505</EIRDaily>
      <EIRDaily origin="interpolate">3.174365</EIRDaily>
      <EIRDaily origin="interpolate">3.070225</EIRDaily>
      <EIRDaily origin="interpolate">2.966085</EIRDaily>
      <EIRDaily origin="interpolate">2.861945</EIRDaily>
      <EIRDaily origin="interpolate">2.75717</EIRDaily>
      <EIRDaily origin="interpolate">2.6530299999999998</EIRDaily>
      <EIRDaily origin="interpolate">2.54889</EIRDaily>
      <EIRDaily origin="interpolate">2.44475</EIRDaily>
      <EIRDaily origin="interpolate">2.34061</EIRDaily>
      <EIRDaily origin="interpolate">2.2364699999999997</EIRDaily>
      <EIRDaily origin="interpolate">2.13233</EIRDaily>
      <EIRDaily origin="interpolate">2.02819</EIRDaily>
      <EIRDaily origin="interpolate">1.9234149999999999</EIRDaily>
      <EIRDaily origin="interpolate">1.8192750000000002</EIRDaily>
      <EIRDaily origin="interpolate">1.715135</EIRDaily>
      <EIRDaily origin="interpolate">1.610995</EIRDaily>
      <EIRDaily origin="interpolate">1.506855</EIRDaily>
      <EIRDaily origin="interpolate">1.4027150000000002</EIRDaily>
      <EIRDaily origin="interpolate">1.298575</EIRDaily>
      <EIRDaily origin="interpolate">1.194435</EIRDaily>
      <EIRDaily origin="interpolate">1.08966</EIRDaily>
      <EIRDaily origin="interpolate">0.9855200000000001</EIRDaily>
      <EIRDaily origin="interpolate">0.8813799999999999</EIRDaily>
      <EIRDaily origin="interpolate">0.77724</EIRDaily>
    </nonVector>
  </entoData>
  <!-- parameters 31052007 -->
  <model>
    <ModelOptions>
      <option name="MAX_DENS_CORRECTION" value="false"/>
      <option name="IPTI_SP_MODEL" value="true"/>
    </ModelOptions>
    <clinical healthSystemMemory="4"/>
    <parameters interval="5" iseed="0" latentp="3">
      <parameter include="0" name="'-ln(1-Sinf)'" number="1" value="0.050736"/>
      <parameter include="0" name="Estar" number="2" value="0.03247"/>
      <parameter include="1" name="Simm" number="3" value="0.1447"/>
      <parameter include="1" name="Xstar_p" number="4" value="2801.485664"/>
      <parameter include="1" name="gamma_p" number="5" value="2.061137"/>
      <parameter include="1" name="sigma2i" number="6" value="9.569774"/>
      <parameter include="1" name="CumulativeYstar" number="7" value="137595256.939881"/>
      <parameter include="1" name="CumulativeHstar" number="8" value="97.798358"/>
      <parameter include="1" name="'-ln(1-alpha_m)'" number="9" value="2.306627"/>
      <parameter include="1" name="decay_m" number="10" value="2.587184"/>
      <parameter include="1" name="sigma2_0" number="11" value="0.656515"/>
      <parameter include="1" name="Xstar_v" number="12" value="0.918108"/>
      <parameter include="1" name="Ystar2" number="13" value="9696.340451"/>
      <parameter include="1" name="alpha" number="14" value="157086.1001"/>
      <parameter include="1" name="Density bias (non Garki)" number="15" value="0.172355"/>
      <parameter include="0" name="No Use 1" number="16" value="1"/>
      <parameter include="1" name="log oddsr CF community" number="17" value="0.729208"/>
      <parameter include="1" name="Indirect risk cofactor" number="18" value="0.017543"/>
      <parameter include="1" name="Non-malaria infant mortality" number="19" value="50.648162"/>
      <parameter include="1" name="Density bias (Garki)" number="20" value="4.784096"/>
      <parameter include="1" name="Severe Malaria Threshhold" number="21" value="346545.4089"/>
      <parameter include="0" name="Immunity Penalty" number="22" value="1"/>
      <parameter include="0" name="Decay of risk of indirect mortality" number="23" value="0.1"/>
      <parameter include="1" name="comorbidity intercept" number="24" value="0.098975"/>
      <parameter include="1" name="Ystar half life" number="25" value="0.278909"/>
      <parameter include="1" name="Ystar1" number="26" value="0.600517"/>
      <parameter include="0" name="Asexual decay" number="27" value="0"/>
      <parameter include="1" name="Ystar0" number="28" value="328.056605"/>
      <parameter include="1" name="Idete multiplier" number="29" value="2.78614"/>
      <parameter include="1" name="critical age for comorbidity" number="30" value="0.115906"/>
    </parameters>
  </model>
</scenario>
