<?xml version="1.0" encoding="UTF-8" standalone="no"?>
<scenario xmlns:xsi="http://www.w3.org/2001/XMLSchema-instance" analysisNo="802" assimMode="0" name="Namawala1_16" schemaVersion="21" wuID="56305339" xsi:noNamespaceSchemaLocation="scenario.xsd">
  <demography maximumAgeYrs="90" name="Ifakara" popSize="500">
    <ageGroup lowerbound="0.0">
      <group poppercent="3.474714994" upperbound="1"/>
      <group poppercent="12.76004028" upperbound="5"/>
      <group poppercent="14.52151394" upperbound="10"/>
      <group poppercent="12.75565434" upperbound="15"/>
      <group poppercent="10.83632374" upperbound="20"/>
      <group poppercent="8.393312454" upperbound="25"/>
      <group poppercent="7.001421452" upperbound="30"/>
      <group poppercent="5.800587654" upperbound="35"/>
      <group poppercent="5.102136612" upperbound="40"/>
      <group poppercent="4.182561874" upperbound="45"/>
      <group poppercent="3.339409351" upperbound="50"/>
      <group poppercent="2.986112356" upperbound="55"/>
      <group poppercent="2.555766582" upperbound="60"/>
      <group poppercent="2.332763433" upperbound="65"/>
      <group poppercent="1.77400255" upperbound="70"/>
      <group poppercent="1.008525491" upperbound="75"/>
      <group poppercent="0.74167341" upperbound="80"/>
      <group poppercent="0.271863401" upperbound="85"/>
      <group poppercent="0.161614642" upperbound="90"/>
    </ageGroup>
  </demography>
  <monitoring name="Namawala predictions IPTi">
    <SurveyOptions>
      <option name="nHost" value="true"/>
      <option name="nInfect" value="true"/>
      <option name="nExpectd" value="true"/>
      <option name="nPatent" value="true"/>
      <option name="sumLogPyrogenThres" value="true"/>
      <option name="sumlogDens" value="true"/>
      <option name="totalInfs" value="true"/>
      <option name="nTransmit" value="true"/>
      <option name="totalPatentInf" value="true"/>
      <option name="contrib" value="true"/>
      <option name="sumPyrogenThresh" value="true"/>
      <option name="nTreatments1" value="true"/>
      <option name="nTreatments2" value="true"/>
      <option name="nTreatments3" value="true"/>
      <option name="nUncomp" value="true"/>
      <option name="nSevere" value="true"/>
      <option name="nSeq" value="true"/>
      <option name="nHospitalDeaths" value="true"/>
      <option name="nIndDeaths" value="true"/>
      <option name="nDirDeaths" value="true"/>
      <option name="nEPIVaccinations" value="true"/>
      <option name="allCauseIMR" value="true"/>
      <option name="nMassVaccinations" value="true"/>
      <option name="nHospitalRecovs" value="true"/>
      <option name="nHospitalSeqs" value="true"/>
      <option name="nIPTDoses" value="true"/>
    </SurveyOptions>
    <surveys detectionLimit="40">
      <surveyTime>730</surveyTime>
    </surveys>
    <ageGroup lowerbound="0.0">
      <group upperbound="99"/>
    </ageGroup>
  </monitoring>
  <interventions name="IPTi">
    <descriptions>
      <iptiDescription iptiEffect="12">
        <infGenotype ACR="1.0" atten="1" freq="0.8" name="wt" proph="9" tolPeriod="4"/>
        <infGenotype ACR="1.0" atten="1" freq="0.1" name="108" proph="2" tolPeriod="4"/>
        <infGenotype ACR="0.5" atten="1" freq="0.1" name="triples" proph="0" tolPeriod="4"/>
      </iptiDescription>
    </descriptions>
    <continuous>
      <ipti coverage="0.99" targetAgeYrs="0.274"/>
      <ipti coverage="0.95" targetAgeYrs="0.36987"/>
      <ipti coverage="0.95" targetAgeYrs="0.79453"/>
    </continuous>
  </interventions>
  <!-- Namawala 1_16 -->
  <healthSystem>
    <ImmediateOutcomes name="TanzaniaSP 04">
      <drugRegimen firstLine="SP" inpatient="QN" secondLine="SP"/>
      <initialACR>
        <CQ value="0"/>
        <SP value="1"/>
        <AQ value="0"/>
        <ACT value="0"/>
        <QN value="0"/>
        <selfTreatment value="0"/>
      </initialACR>
      <compliance>
        <CQ value="0"/>
        <SP value="1"/>
        <AQ value="0"/>
        <ACT value="0"/>
        <QN value="0"/>
        <selfTreatment value="0"/>
      </compliance>
      <nonCompliersEffective>
        <CQ value="0"/>
        <SP value="0"/>
        <AQ value="0"/>
        <ACT value="0"/>
        <QN value="0"/>
        <selfTreatment value="0"/>
      </nonCompliersEffective>
      <pSeekOfficialCareUncomplicated1 value="0.04"/>
      <pSelfTreatUncomplicated value="0"/>
      <pSeekOfficialCareUncomplicated2 value="0.04"/>
      <pSeekOfficialCareSevere value="0.48"/>
    </ImmediateOutcomes>
    <CFR>
      <group lowerbound="0" value="0.09189"/>
      <group lowerbound="0.25" value="0.0810811"/>
      <group lowerbound="0.75" value="0.0648649"/>
      <group lowerbound="1.5" value="0.0689189"/>
      <group lowerbound="2.5" value="0.0675676"/>
      <group lowerbound="3.5" value="0.0297297"/>
      <group lowerbound="4.5" value="0.0459459"/>
      <group lowerbound="7.5" value="0.0945946"/>
      <group lowerbound="12.5" value="0.1243243"/>
      <group lowerbound="15" value="0.1378378"/>
    </CFR>
    <pSequelaeInpatient>
      <group lowerbound="0.0" value="0.0"/>
      <group lowerbound="5.0" value="0.0"/>
    </pSequelaeInpatient>
  </healthSystem>
  <entoData mode="2" name="Namawala">
    <nonVector eipDuration="10">
      <EIRDaily origin="Namawala Pre">0.01164644875</EIRDaily>
      <EIRDaily origin="Namawala Pre">0.0121764839375</EIRDaily>
      <EIRDaily origin="Namawala Pre">0.010093588875</EIRDaily>
      <EIRDaily origin="Namawala Pre">0.0121764839375</EIRDaily>
      <EIRDaily origin="Namawala Pre">0.0123999581875</EIRDaily>
      <EIRDaily origin="Namawala Pre">0.004171520125</EIRDaily>
      <EIRDaily origin="Namawala Pre">0.0325642155625</EIRDaily>
      <EIRDaily origin="Namawala Pre">0.02255371325</EIRDaily>
      <EIRDaily origin="Namawala Pre">0.1095826250625</EIRDaily>
      <EIRDaily origin="Namawala Pre">0.0367930368125</EIRDaily>
      <EIRDaily origin="Namawala Pre">0.019256034875</EIRDaily>
      <EIRDaily origin="Namawala Pre">0.0218403145625</EIRDaily>
      <EIRDaily origin="Namawala Pre">0.1217705691875</EIRDaily>
      <EIRDaily origin="Namawala Pre">0.0623350024375</EIRDaily>
      <EIRDaily origin="Namawala Pre">0.08145637975</EIRDaily>
      <EIRDaily origin="Namawala Pre">0.026541869875</EIRDaily>
      <EIRDaily origin="Namawala Pre">0.1846356068125</EIRDaily>
      <EIRDaily origin="Namawala Pre">0.12458691825</EIRDaily>
      <EIRDaily origin="Namawala Pre">0.1545983698125</EIRDaily>
      <EIRDaily origin="Namawala Pre">0.091612999875</EIRDaily>
      <EIRDaily origin="Namawala Pre">0.2919634335625</EIRDaily>
      <EIRDaily origin="Namawala Pre">0.1713933224375</EIRDaily>
      <EIRDaily origin="Namawala Pre">0.1783754615625</EIRDaily>
      <EIRDaily origin="Namawala Pre">0.1724276073125</EIRDaily>
      <EIRDaily origin="Namawala Pre">0.0978043838125</EIRDaily>
      <EIRDaily origin="Namawala Pre">0.156111118875</EIRDaily>
      <EIRDaily origin="Namawala Pre">0.2408852323125</EIRDaily>
      <EIRDaily origin="Namawala Pre">0.130975991</EIRDaily>
      <EIRDaily origin="Namawala Pre">0.244426440375</EIRDaily>
      <EIRDaily origin="Namawala Pre">0.2088281315625</EIRDaily>
      <EIRDaily origin="Namawala Pre">0.324931621875</EIRDaily>
      <EIRDaily origin="Namawala Pre">0.16841653025</EIRDaily>
      <EIRDaily origin="Namawala Pre">0.191861275625</EIRDaily>
      <EIRDaily origin="Namawala Pre">0.2145439163125</EIRDaily>
      <EIRDaily origin="Namawala Pre">0.1854005765</EIRDaily>
      <EIRDaily origin="Namawala Pre">0.2653585324375</EIRDaily>
      <EIRDaily origin="Namawala Pre">0.1988233593125</EIRDaily>
      <EIRDaily origin="Namawala Pre">0.37911840775</EIRDaily>
      <EIRDaily origin="Namawala Pre">0.337798584</EIRDaily>
      <EIRDaily origin="Namawala Pre">0.3828573045625</EIRDaily>
      <EIRDaily origin="Namawala Pre">0.379442159</EIRDaily>
      <EIRDaily origin="Namawala Pre">0.363203027</EIRDaily>
      <EIRDaily origin="Namawala Pre">0.349086900875</EIRDaily>
      <EIRDaily origin="Namawala Pre">0.5689999303125</EIRDaily>
      <EIRDaily origin="Namawala Pre">0.2543853716875</EIRDaily>
      <EIRDaily origin="Namawala Pre">0.3142506966875</EIRDaily>
      <EIRDaily origin="Namawala Pre">0.441129659</EIRDaily>
      <EIRDaily origin="Namawala Pre">0.3254186811875</EIRDaily>
      <EIRDaily origin="Namawala Pre">0.698339975</EIRDaily>
      <EIRDaily origin="Namawala Pre">0.4899244113125</EIRDaily>
      <EIRDaily origin="Namawala Pre">0.356831144625</EIRDaily>
      <EIRDaily origin="Namawala Pre">0.3121362860625</EIRDaily>
      <EIRDaily origin="Namawala Pre">0.2674414275</EIRDaily>
      <EIRDaily origin="Namawala Pre">0.312674916375</EIRDaily>
      <EIRDaily origin="Namawala Pre">0.2152143391875</EIRDaily>
      <EIRDaily origin="Namawala Pre">0.3667958060625</EIRDaily>
      <EIRDaily origin="Namawala Pre">0.419163282</EIRDaily>
      <EIRDaily origin="Namawala Pre">0.18140668975</EIRDaily>
      <EIRDaily origin="Namawala Pre">0.274790293625</EIRDaily>
      <EIRDaily origin="Namawala Pre">0.2058499068125</EIRDaily>
      <EIRDaily origin="Namawala Pre">0.1433344059375</EIRDaily>
      <EIRDaily origin="Namawala Pre">0.13900530775</EIRDaily>
      <EIRDaily origin="Namawala Pre">0.0941671964375</EIRDaily>
      <EIRDaily origin="Namawala Pre">0.0799364680625</EIRDaily>
      <EIRDaily origin="Namawala Pre">0.0389232051875</EIRDaily>
      <EIRDaily origin="Namawala Pre">0.05126299725</EIRDaily>
      <EIRDaily origin="Namawala Pre">0.040923013625</EIRDaily>
      <EIRDaily origin="Namawala Pre">0.03733739725</EIRDaily>
      <EIRDaily origin="Namawala Pre">0.0368202548125</EIRDaily>
      <EIRDaily origin="Namawala Pre">0.0221268200625</EIRDaily>
      <EIRDaily origin="Namawala Pre">0.0249073559375</EIRDaily>
      <EIRDaily origin="Namawala Pre">0.0298438458125</EIRDaily>
      <EIRDaily origin="Namawala Pre">0.025112207375</EIRDaily>
      <EIRDaily origin="Namawala Pre">0.0184323315625</EIRDaily>
      <EIRDaily origin="Namawala Pre">0.023211243375</EIRDaily>
      <EIRDaily origin="Namawala Pre">0.0246709889375</EIRDaily>
      <EIRDaily origin="Namawala Pre">0.0299283649375</EIRDaily>
      <EIRDaily origin="Namawala Pre">0.0392254685</EIRDaily>
      <EIRDaily origin="Namawala Pre">0.045002852</EIRDaily>
      <EIRDaily origin="Namawala Pre">0.049824739625</EIRDaily>
      <EIRDaily origin="Namawala Pre">0.0422151534375</EIRDaily>
      <EIRDaily origin="Namawala Pre">0.041410073</EIRDaily>
      <EIRDaily origin="Namawala Pre">0.03619137525</EIRDaily>
      <EIRDaily origin="Namawala Pre">0.0329252125</EIRDaily>
      <EIRDaily origin="Namawala Pre">0.032335011125</EIRDaily>
      <EIRDaily origin="Namawala Pre">0.026036187625</EIRDaily>
      <EIRDaily origin="Namawala Pre">0.016353734125</EIRDaily>
      <EIRDaily origin="Namawala Pre">0.0438811829375</EIRDaily>
      <EIRDaily origin="Namawala Pre">0.0262367415</EIRDaily>
      <EIRDaily origin="Namawala Pre">0.027153559125</EIRDaily>
      <EIRDaily origin="Namawala Pre">0.018122905625</EIRDaily>
      <EIRDaily origin="Namawala Pre">0.0319797443125</EIRDaily>
      <EIRDaily origin="Namawala Pre">0.045998458625</EIRDaily>
      <EIRDaily origin="Namawala Pre">0.031938201</EIRDaily>
      <EIRDaily origin="Namawala Pre">0.0473966055</EIRDaily>
      <EIRDaily origin="Namawala Pre">0.0455400498125</EIRDaily>
      <EIRDaily origin="Namawala Pre">0.0496471061875</EIRDaily>
      <EIRDaily origin="Namawala Pre">0.0307119574375</EIRDaily>
      <EIRDaily origin="Namawala Pre">0.037540816125</EIRDaily>
      <EIRDaily origin="Namawala Pre">0.0446991561875</EIRDaily>
      <EIRDaily origin="Namawala Pre">0.077122984</EIRDaily>
      <EIRDaily origin="Namawala Pre">0.0414272633125</EIRDaily>
      <EIRDaily origin="Namawala Pre">0.032465371125</EIRDaily>
      <EIRDaily origin="Namawala Pre">0.046409594</EIRDaily>
      <EIRDaily origin="Namawala Pre">0.0368589330625</EIRDaily>
      <EIRDaily origin="Namawala Pre">0.089934077625</EIRDaily>
      <EIRDaily origin="Namawala Pre">0.0621186908125</EIRDaily>
      <EIRDaily origin="Namawala Pre">0.05844712275</EIRDaily>
      <EIRDaily origin="Namawala Pre">0.042765244</EIRDaily>
      <EIRDaily origin="Namawala Pre">0.0544274505625</EIRDaily>
      <EIRDaily origin="Namawala Pre">0.07138284625</EIRDaily>
      <EIRDaily origin="Namawala Pre">0.0803977419375</EIRDaily>
      <EIRDaily origin="Namawala Pre">0.0594327016875</EIRDaily>
      <EIRDaily origin="Namawala Pre">0.055225368375</EIRDaily>
      <EIRDaily origin="Namawala Pre">0.032177433125</EIRDaily>
      <EIRDaily origin="Namawala Pre">0.0376396605625</EIRDaily>
      <EIRDaily origin="Namawala Pre">0.070122222</EIRDaily>
      <EIRDaily origin="Namawala Pre">0.0697841455625</EIRDaily>
      <EIRDaily origin="Namawala Pre">0.10657288475</EIRDaily>
      <EIRDaily origin="Namawala Pre">0.0672800874375</EIRDaily>
      <EIRDaily origin="Namawala Pre">0.0648361955</EIRDaily>
      <EIRDaily origin="Namawala Pre">0.05537435125</EIRDaily>
      <EIRDaily origin="Namawala Pre">0.047952426125</EIRDaily>
      <EIRDaily origin="Namawala Pre">0.0494193343125</EIRDaily>
      <EIRDaily origin="Namawala Pre">0.0452650045</EIRDaily>
      <EIRDaily origin="Namawala Pre">0.0409588268125</EIRDaily>
      <EIRDaily origin="Namawala Pre">0.05701459525</EIRDaily>
      <EIRDaily origin="Namawala Pre">0.0349980798125</EIRDaily>
      <EIRDaily origin="Namawala Pre">0.0471788613125</EIRDaily>
      <EIRDaily origin="Namawala Pre">0.055186690125</EIRDaily>
      <EIRDaily origin="Namawala Pre">0.040245428125</EIRDaily>
      <EIRDaily origin="Namawala Pre">0.0253356816875</EIRDaily>
      <EIRDaily origin="Namawala Pre">0.0293510563125</EIRDaily>
      <EIRDaily origin="Namawala Pre">0.0262969076875</EIRDaily>
      <EIRDaily origin="Namawala Pre">0.022079546625</EIRDaily>
      <EIRDaily origin="Namawala Pre">0.0412811455</EIRDaily>
      <EIRDaily origin="Namawala Pre">0.110263075625</EIRDaily>
      <EIRDaily origin="Namawala Pre">0.062466795</EIRDaily>
      <EIRDaily origin="Namawala Pre">0.0594312691875</EIRDaily>
      <EIRDaily origin="Namawala Pre">0.0564802625</EIRDaily>
      <EIRDaily origin="Namawala Pre">0.0418842395625</EIRDaily>
      <EIRDaily origin="Namawala Pre">0.076269197625</EIRDaily>
      <EIRDaily origin="Namawala Pre">0.0625298261875</EIRDaily>
      <EIRDaily origin="Namawala Pre">0.0476215123125</EIRDaily>
      <EIRDaily origin="Namawala Pre">0.0764110178125</EIRDaily>
      <EIRDaily origin="Namawala Pre">0.070519032125</EIRDaily>
      <EIRDaily origin="Namawala Pre">0.0675006966875</EIRDaily>
      <EIRDaily origin="Namawala Pre">0.0468479474375</EIRDaily>
      <EIRDaily origin="Namawala Pre">0.0639680838125</EIRDaily>
      <EIRDaily origin="Namawala Pre">0.085848509125</EIRDaily>
      <EIRDaily origin="Namawala Pre">0.0695334531875</EIRDaily>
      <EIRDaily origin="Namawala Pre">0.0721205979375</EIRDaily>
      <EIRDaily origin="Namawala Pre">0.05147071375</EIRDaily>
      <EIRDaily origin="Namawala Pre">0.03970536525</EIRDaily>
      <EIRDaily origin="Namawala Pre">0.03499521475</EIRDaily>
      <EIRDaily origin="Namawala Pre">0.026332720875</EIRDaily>
      <EIRDaily origin="Namawala Pre">0.020061115375</EIRDaily>
      <EIRDaily origin="Namawala Pre">0.0235965933125</EIRDaily>
      <EIRDaily origin="Namawala Pre">0.0222070415625</EIRDaily>
      <EIRDaily origin="Namawala Pre">0.0146031855</EIRDaily>
      <EIRDaily origin="Namawala Pre">0.02198070225</EIRDaily>
      <EIRDaily origin="Namawala Pre">0.02159105475</EIRDaily>
      <EIRDaily origin="Namawala Pre">0.01877900325</EIRDaily>
      <EIRDaily origin="Namawala Pre">0.0289170005</EIRDaily>
      <EIRDaily origin="Namawala Pre">0.023653894375</EIRDaily>
      <EIRDaily origin="Namawala Pre">0.029028737625</EIRDaily>
      <EIRDaily origin="Namawala Pre">0.026398617125</EIRDaily>
      <EIRDaily origin="Namawala Pre">0.0247898886875</EIRDaily>
      <EIRDaily origin="Namawala Pre">0.024128061</EIRDaily>
      <EIRDaily origin="Namawala Pre">0.0248486223125</EIRDaily>
      <EIRDaily origin="Namawala Pre">0.0233516310625</EIRDaily>
      <EIRDaily origin="Namawala Pre">0.02008117075</EIRDaily>
      <EIRDaily origin="Namawala Pre">0.018121473125</EIRDaily>
      <EIRDaily origin="Namawala Pre">0.0263628039375</EIRDaily>
      <EIRDaily origin="Namawala Pre">0.017485430875</EIRDaily>
      <EIRDaily origin="Namawala Pre">0.020320402875</EIRDaily>
      <EIRDaily origin="Namawala Pre">0.0191414326875</EIRDaily>
      <EIRDaily origin="Namawala Pre">0.029756461625</EIRDaily>
      <EIRDaily origin="Namawala Pre">0.0294298453125</EIRDaily>
      <EIRDaily origin="Namawala Pre">0.0181515561875</EIRDaily>
      <EIRDaily origin="Namawala Pre">0.015742044875</EIRDaily>
      <EIRDaily origin="Namawala Pre">0.021999325125</EIRDaily>
      <EIRDaily origin="Namawala Pre">0.0234733959375</EIRDaily>
      <EIRDaily origin="Namawala Pre">0.01901393775</EIRDaily>
      <EIRDaily origin="Namawala Pre">0.0175269741875</EIRDaily>
      <EIRDaily origin="Namawala Pre">0.0270647424375</EIRDaily>
      <EIRDaily origin="Namawala Pre">0.02552191025</EIRDaily>
      <EIRDaily origin="Namawala Pre">0.018582747</EIRDaily>
      <EIRDaily origin="Namawala Pre">0.01804984675</EIRDaily>
      <EIRDaily origin="Namawala Pre">0.017498323625</EIRDaily>
      <EIRDaily origin="Namawala Pre">0.01565752575</EIRDaily>
      <EIRDaily origin="Namawala Pre">0.0155959270625</EIRDaily>
      <EIRDaily origin="Namawala Pre">0.012024636</EIRDaily>
      <EIRDaily origin="Namawala Pre">0.01214210325</EIRDaily>
      <EIRDaily origin="Namawala Pre">0.0064076955625</EIRDaily>
      <EIRDaily origin="Namawala Pre">0.013071813625</EIRDaily>
      <EIRDaily origin="Namawala Pre">0.0149111789375</EIRDaily>
      <EIRDaily origin="Namawala Pre">0.0095306055625</EIRDaily>
      <EIRDaily origin="Namawala Pre">0.0074462780625</EIRDaily>
      <EIRDaily origin="Namawala Pre">0.0197817725</EIRDaily>
      <EIRDaily origin="Namawala Pre">0.0093787576875</EIRDaily>
      <EIRDaily origin="Namawala Pre">0.00834304025</EIRDaily>
      <EIRDaily origin="Namawala Pre">0.007305890375</EIRDaily>
      <EIRDaily origin="Namawala Pre">0.007371786625</EIRDaily>
      <EIRDaily origin="Namawala Pre">0.0056369958125</EIRDaily>
      <EIRDaily origin="Namawala Pre">0.0046743373125</EIRDaily>
      <EIRDaily origin="Namawala Pre">0.005675674</EIRDaily>
      <EIRDaily origin="Namawala Pre">0.01578502075</EIRDaily>
      <EIRDaily origin="Namawala Pre">0.0063460969375</EIRDaily>
      <EIRDaily origin="Namawala Pre">0.005303216875</EIRDaily>
      <EIRDaily origin="Namawala Pre">0.007997801125</EIRDaily>
      <EIRDaily origin="Namawala Pre">0.003572723625</EIRDaily>
      <EIRDaily origin="Namawala Pre">0.004783209375</EIRDaily>
      <EIRDaily origin="Namawala Pre">0.008874508</EIRDaily>
      <EIRDaily origin="Namawala Pre">0.011265396375</EIRDaily>
      <EIRDaily origin="Namawala Pre">0.013190713375</EIRDaily>
      <EIRDaily origin="Namawala Pre">0.006644062625</EIRDaily>
      <EIRDaily origin="Namawala Pre">0.004841943</EIRDaily>
      <EIRDaily origin="Namawala Pre">0.0082800090625</EIRDaily>
      <EIRDaily origin="Namawala Pre">0.00511412325</EIRDaily>
      <EIRDaily origin="Namawala Pre">0.0089561620625</EIRDaily>
      <EIRDaily origin="Namawala Pre">0.0099646614375</EIRDaily>
      <EIRDaily origin="Namawala Pre">0.0096982113125</EIRDaily>
      <EIRDaily origin="Namawala Pre">0.010978890875</EIRDaily>
      <EIRDaily origin="Namawala Pre">0.007827330375</EIRDaily>
      <EIRDaily origin="Namawala Pre">0.0098128135</EIRDaily>
      <EIRDaily origin="Namawala Pre">0.006904782625</EIRDaily>
      <EIRDaily origin="Namawala Pre">0.00399675175</EIRDaily>
      <EIRDaily origin="Namawala Pre">0.0052946216875</EIRDaily>
      <EIRDaily origin="Namawala Pre">0.006592491625</EIRDaily>
      <EIRDaily origin="Namawala Pre">0.0078903615625</EIRDaily>
      <EIRDaily origin="Namawala Pre">0.0091853664375</EIRDaily>
      <EIRDaily origin="Namawala Pre">0.010483236375</EIRDaily>
      <EIRDaily origin="Namawala Pre">0.0117811063125</EIRDaily>
      <EIRDaily origin="Namawala Pre">0.0096007994375</EIRDaily>
      <EIRDaily origin="Namawala Pre">0.024100843</EIRDaily>
      <EIRDaily origin="Namawala Pre">0.009689616125</EIRDaily>
      <EIRDaily origin="Namawala Pre">0.0183077016875</EIRDaily>
      <EIRDaily origin="Namawala Pre">0.0082141128125</EIRDaily>
      <EIRDaily origin="Namawala Pre">0.00633750175</EIRDaily>
      <EIRDaily origin="Namawala Pre">0.005778816</EIRDaily>
      <EIRDaily origin="Namawala Pre">0.005887688125</EIRDaily>
      <EIRDaily origin="Namawala Pre">0.0059965601875</EIRDaily>
      <EIRDaily origin="Namawala Pre">0.0061054323125</EIRDaily>
      <EIRDaily origin="Namawala Pre">0.00592206875</EIRDaily>
      <EIRDaily origin="Namawala Pre">0.0162505921875</EIRDaily>
      <EIRDaily origin="Namawala Pre">0.00912233525</EIRDaily>
      <EIRDaily origin="Namawala Pre">0.0110075414375</EIRDaily>
      <EIRDaily origin="Namawala Pre">0.0128927476875</EIRDaily>
      <EIRDaily origin="Namawala Pre">0.01268932875</EIRDaily>
      <EIRDaily origin="Namawala Pre">0.0071540424375</EIRDaily>
      <EIRDaily origin="Namawala Pre">0.006761529875</EIRDaily>
      <EIRDaily origin="Namawala Pre">0.009755512375</EIRDaily>
      <EIRDaily origin="Namawala Pre">0.0230636930625</EIRDaily>
      <EIRDaily origin="Namawala Pre">0.015663255875</EIRDaily>
      <EIRDaily origin="Namawala Pre">0.007463468375</EIRDaily>
      <EIRDaily origin="Namawala Pre">0.0095349031875</EIRDaily>
      <EIRDaily origin="Namawala Pre">0.0065495158125</EIRDaily>
      <EIRDaily origin="Namawala Pre">0.0157578026875</EIRDaily>
      <EIRDaily origin="Namawala Pre">0.007878901375</EIRDaily>
      <EIRDaily origin="Namawala Pre">0.0105262121875</EIRDaily>
      <EIRDaily origin="Namawala Pre">0.0107009805625</EIRDaily>
      <EIRDaily origin="Namawala Pre">0.00844618225</EIRDaily>
      <EIRDaily origin="Namawala Pre">0.0011947279375</EIRDaily>
      <EIRDaily origin="Namawala Pre">0.0056642138125</EIRDaily>
      <EIRDaily origin="Namawala Pre">0.0069191079375</EIRDaily>
      <EIRDaily origin="Namawala Pre">0.008174002</EIRDaily>
      <EIRDaily origin="Namawala Pre">0.015299393875</EIRDaily>
      <EIRDaily origin="Namawala Pre">0.0084175316875</EIRDaily>
      <EIRDaily origin="Namawala Pre">0.0139270325625</EIRDaily>
      <EIRDaily origin="Namawala Pre">0.0109617005625</EIRDaily>
      <EIRDaily origin="Namawala Pre">0.008400341375</EIRDaily>
      <EIRDaily origin="Namawala Pre">0.001280679625</EIRDaily>
      <EIRDaily origin="Namawala Pre">0.0129185331875</EIRDaily>
      <EIRDaily origin="Namawala Pre">0.0085521893125</EIRDaily>
      <EIRDaily origin="Namawala Pre">0.0052688361875</EIRDaily>
      <EIRDaily origin="Namawala Pre">0.009325754125</EIRDaily>
      <EIRDaily origin="Namawala Pre">0.0097583774375</EIRDaily>
      <EIRDaily origin="Namawala Pre">0.0082742789375</EIRDaily>
      <EIRDaily origin="Namawala Pre">0.006798775625</EIRDaily>
      <EIRDaily origin="Namawala Pre">0.0081969224375</EIRDaily>
      <EIRDaily origin="Namawala Pre">0.002186037</EIRDaily>
      <EIRDaily origin="Namawala Pre">0.0017734690625</EIRDaily>
      <EIRDaily origin="Namawala Pre">0.0013580360625</EIRDaily>
      <EIRDaily origin="Namawala Pre">0.0006073916875</EIRDaily>
      <EIRDaily origin="Namawala Pre">0.001868015875</EIRDaily>
      <EIRDaily origin="Namawala Pre">0.0023779956875</EIRDaily>
      <EIRDaily origin="Namawala Pre">0.003612834375</EIRDaily>
      <EIRDaily origin="Namawala Pre">0.0035154225</EIRDaily>
      <EIRDaily origin="Namawala Pre">0.0035641284375</EIRDaily>
      <EIRDaily origin="Namawala Pre">0.003014037875</EIRDaily>
      <EIRDaily origin="Namawala Pre">0.0014726383125</EIRDaily>
      <EIRDaily origin="Namawala Pre">0</EIRDaily>
      <EIRDaily origin="Namawala Pre">0.0014726383125</EIRDaily>
      <EIRDaily origin="Namawala Pre">0.0004899244375</EIRDaily>
      <EIRDaily origin="Namawala Pre">0</EIRDaily>
      <EIRDaily origin="Namawala Pre">0.0023694005</EIRDaily>
      <EIRDaily origin="Namawala Pre">0.0017448185</EIRDaily>
      <EIRDaily origin="Namawala Pre">0.0023923209375</EIRDaily>
      <EIRDaily origin="Namawala Pre">0.0030426884375</EIRDaily>
      <EIRDaily origin="Namawala Pre">0.003690190875</EIRDaily>
      <EIRDaily origin="Namawala Pre">0.0043376933125</EIRDaily>
      <EIRDaily origin="Namawala Pre">0.00498519575</EIRDaily>
      <EIRDaily origin="Namawala Pre">0.00563556325</EIRDaily>
      <EIRDaily origin="Namawala Pre">0.0062830656875</EIRDaily>
      <EIRDaily origin="Namawala Pre">0.0169095548125</EIRDaily>
      <EIRDaily origin="Namawala Pre">0.005798871375</EIRDaily>
      <EIRDaily origin="Namawala Pre">0.0045468423125</EIRDaily>
      <EIRDaily origin="Namawala Pre">0.0021373310625</EIRDaily>
      <EIRDaily origin="Namawala Pre">0.0026387156875</EIRDaily>
      <EIRDaily origin="Namawala Pre">0.00136663125</EIRDaily>
      <EIRDaily origin="Namawala Pre">0.0012720844375</EIRDaily>
      <EIRDaily origin="Namawala Pre">0.0010686655</EIRDaily>
      <EIRDaily origin="Namawala Pre">0.004171520125</EIRDaily>
      <EIRDaily origin="Namawala Pre">0.005394898625</EIRDaily>
      <EIRDaily origin="Namawala Pre">0.0049221645625</EIRDaily>
      <EIRDaily origin="Namawala Pre">0.00110591125</EIRDaily>
      <EIRDaily origin="Namawala Pre">0.002426701625</EIRDaily>
      <EIRDaily origin="Namawala Pre">0.0026501759375</EIRDaily>
      <EIRDaily origin="Namawala Pre">0.011732400375</EIRDaily>
      <EIRDaily origin="Namawala Pre">0.005329002375</EIRDaily>
      <EIRDaily origin="Namawala Pre">0.0167261913125</EIRDaily>
      <EIRDaily origin="Namawala Pre">0.0141705621875</EIRDaily>
      <EIRDaily origin="Namawala Pre">0.040039144125</EIRDaily>
      <EIRDaily origin="Namawala Pre">0.02002959975</EIRDaily>
      <EIRDaily origin="Namawala Pre">0.020791704375</EIRDaily>
      <EIRDaily origin="Namawala Pre">0.020510929</EIRDaily>
      <EIRDaily origin="Namawala Pre">0.023834392875</EIRDaily>
      <EIRDaily origin="Namawala Pre">0.020009544375</EIRDaily>
      <EIRDaily origin="Namawala Pre">0.0215824595625</EIRDaily>
      <EIRDaily origin="Namawala Pre">0.0353490490625</EIRDaily>
      <EIRDaily origin="Namawala Pre">0.0016932475</EIRDaily>
      <EIRDaily origin="Namawala Pre">0.0410705639375</EIRDaily>
      <EIRDaily origin="Namawala Pre">0.0885531210625</EIRDaily>
      <EIRDaily origin="Namawala Pre">0.067108184125</EIRDaily>
      <EIRDaily origin="Namawala Pre">0.1096886320625</EIRDaily>
      <EIRDaily origin="Namawala Pre">0.0499321791875</EIRDaily>
      <EIRDaily origin="Namawala Pre">0.0641772328125</EIRDaily>
      <EIRDaily origin="Namawala Pre">0.052754258375</EIRDaily>
      <EIRDaily origin="Namawala Pre">0.0704431081875</EIRDaily>
      <EIRDaily origin="Namawala Pre">0.0364234446875</EIRDaily>
      <EIRDaily origin="Namawala Pre">0.028690661125</EIRDaily>
      <EIRDaily origin="Namawala Pre">0.0193677720625</EIRDaily>
      <EIRDaily origin="Namawala Pre">0.04564032675</EIRDaily>
      <EIRDaily origin="Namawala Pre">0.0280546189375</EIRDaily>
      <EIRDaily origin="Namawala Pre">0.0389418280625</EIRDaily>
      <EIRDaily origin="Namawala Pre">0.0259745889375</EIRDaily>
      <EIRDaily origin="Namawala Pre">0.0177948568125</EIRDaily>
      <EIRDaily origin="Namawala Pre">0.06690763025</EIRDaily>
      <EIRDaily origin="Namawala Pre">0.0296246690625</EIRDaily>
      <EIRDaily origin="Namawala Pre">0.033077060375</EIRDaily>
      <EIRDaily origin="Namawala Pre">0.0194737790625</EIRDaily>
      <EIRDaily origin="Namawala Pre">0.0399904381875</EIRDaily>
      <EIRDaily origin="Namawala Pre">0.02492311375</EIRDaily>
      <EIRDaily origin="Namawala Pre">0.0137121534375</EIRDaily>
      <EIRDaily origin="Namawala Pre">0.0050339016875</EIRDaily>
      <EIRDaily origin="Namawala Pre">0.012981564375</EIRDaily>
      <EIRDaily origin="Namawala Pre">0.015700501625</EIRDaily>
      <EIRDaily origin="Namawala Pre">0.0040827034375</EIRDaily>
      <EIRDaily origin="Namawala Pre">0.0046156036875</EIRDaily>
      <EIRDaily origin="Namawala Pre">0.0013637661875</EIRDaily>
      <EIRDaily origin="Namawala Pre">0.0032489724375</EIRDaily>
      <EIRDaily origin="Namawala Pre">0.0063919378125</EIRDaily>
      <EIRDaily origin="Namawala Pre">0.0053461926875</EIRDaily>
      <EIRDaily origin="Namawala Pre">0.0042975825625</EIRDaily>
    </nonVector>
  </entoData>
  <!-- parameters 31052007 -->
  <model>
    <ModelOptions>
      <option name="MAX_DENS_CORRECTION" value="false"/>
      <option name="IPTI_SP_MODEL" value="true"/>
    </ModelOptions>
    <clinical healthSystemMemory="6"/>
    <parameters interval="5" iseed="5" latentp="3">
      <parameter include="0" name="'-ln(1-Sinf)'" number="1" value="0.050736"/>
      <parameter include="0" name="Estar" number="2" value="0.03247"/>
      <parameter include="1" name="Simm" number="3" value="0.1447"/>
      <parameter include="1" name="Xstar_p" number="4" value="2801.485664"/>
      <parameter include="1" name="gamma_p" number="5" value="2.061137"/>
      <parameter include="1" name="sigma2i" number="6" value="9.569774"/>
      <parameter include="1" name="CumulativeYstar" number="7" value="137595256.939881"/>
      <parameter include="1" name="CumulativeHstar" number="8" value="97.798358"/>
      <parameter include="1" name="'-ln(1-alpha_m)'" number="9" value="2.306627"/>
      <parameter include="1" name="decay_m" number="10" value="2.587184"/>
      <parameter include="1" name="sigma2_0" number="11" value="0.656515"/>
      <parameter include="1" name="Xstar_v" number="12" value="0.918108"/>
      <parameter include="1" name="Ystar2" number="13" value="9696.340451"/>
      <parameter include="1" name="alpha" number="14" value="157086.1001"/>
      <parameter include="1" name="Density bias (non Garki)" number="15" value="0.172355"/>
      <parameter include="0" name="No Use 1" number="16" value="1"/>
      <parameter include="1" name="log oddsr CF community" number="17" value="0.729208"/>
      <parameter include="1" name="Indirect risk cofactor" number="18" value="0.017543"/>
      <parameter include="1" name="Non-malaria infant mortality" number="19" value="50.648162"/>
      <parameter include="1" name="Density bias (Garki)" number="20" value="4.784096"/>
      <parameter include="1" name="Severe Malaria Threshhold" number="21" value="346545.4089"/>
      <parameter include="0" name="Immunity Penalty" number="22" value="1"/>
      <parameter include="0" name="Decay of risk of indirect mortality" number="23" value="0.1"/>
      <parameter include="1" name="comorbidity intercept" number="24" value="0.098975"/>
      <parameter include="1" name="Ystar half life" number="25" value="0.278909"/>
      <parameter include="1" name="Ystar1" number="26" value="0.600517"/>
      <parameter include="0" name="Asexual decay" number="27" value="0"/>
      <parameter include="1" name="Ystar0" number="28" value="328.056605"/>
      <parameter include="1" name="Idete multiplier" number="29" value="2.78614"/>
      <parameter include="1" name="critical age for comorbidity" number="30" value="0.115906"/>
    </parameters>
  </model>
</scenario>
