<?xml version="1.0" encoding="UTF-8" standalone="no"?>
<scenario xmlns:xsi="http://www.w3.org/2001/XMLSchema-instance" analysisNo="30" assimMode="0" name="Matsari Intervention" schemaVersion="23" wuID="12345" xsi:noNamespaceSchemaLocation="scenario.xsd">
  <demography maximumAgeYrs="80.389041096" name="Ifakara" popSize="500">
    <ageGroup lowerbound="0.0">
      <group poppercent="3.474714994" upperbound="1"/>
      <group poppercent="12.76004028" upperbound="5"/>
      <group poppercent="14.52151394" upperbound="10"/>
      <group poppercent="12.75565434" upperbound="15"/>
      <group poppercent="10.83632374" upperbound="20"/>
      <group poppercent="8.393312454" upperbound="25"/>
      <group poppercent="7.001421452" upperbound="30"/>
      <group poppercent="5.800587654" upperbound="35"/>
      <group poppercent="5.102136612" upperbound="40"/>
      <group poppercent="4.182561874" upperbound="45"/>
      <group poppercent="3.339409351" upperbound="50"/>
      <group poppercent="2.986112356" upperbound="55"/>
      <group poppercent="2.555766582" upperbound="60"/>
      <group poppercent="2.332763433" upperbound="65"/>
      <group poppercent="1.77400255" upperbound="70"/>
      <group poppercent="1.008525491" upperbound="75"/>
      <group poppercent="0.74167341" upperbound="80"/>
      <group poppercent="0.271863401" upperbound="85"/>
      <group poppercent="0.161614642" upperbound="90"/>
    </ageGroup>
  </demography>
  <monitoring name="Matsari Intervention">
    <continuous period="1">
      <option name="recent births" value="true"/>
      <option name="input EIR" value="true"/>
      <option name="simulated EIR" value="true"/>
      <option name="human infectiousness" value="true"/>
    </continuous>
    <SurveyOptions>
      <option name="nHost" value="true"/>
      <option name="nPatent" value="true"/>
      <option name="sumlogDens" value="true"/>
    </SurveyOptions>
    <surveys detectionLimit="2">
      <surveyTime>14</surveyTime>
      <surveyTime>28</surveyTime>
      <surveyTime>42</surveyTime>
      <surveyTime>56</surveyTime>
      <surveyTime>70</surveyTime>
      <surveyTime>84</surveyTime>
      <surveyTime>98</surveyTime>
      <surveyTime>112</surveyTime>
    </surveys>
    <ageGroup lowerbound="0.0">
      <group upperbound="0.5"/>
      <group upperbound="1"/>
      <group upperbound="2"/>
      <group upperbound="4"/>
      <group upperbound="6"/>
      <group upperbound="10"/>
      <group upperbound="15"/>
      <group upperbound="20"/>
      <group upperbound="30"/>
      <group upperbound="40"/>
      <group upperbound="60"/>
      <group upperbound="99"/>
    </ageGroup>
  </monitoring>
  <interventions name="A2 Intervention">
    <descriptions/>
    <timed>
      <intervention time="0">
        <changeEIR eipDuration="10">
          <EIRDaily origin="interpolate">0.00219</EIRDaily>
          <EIRDaily origin="interpolate">0.00210</EIRDaily>
          <EIRDaily origin="interpolate">0.00202</EIRDaily>
          <EIRDaily origin="interpolate">0.00194</EIRDaily>
          <EIRDaily origin="interpolate">0.00185</EIRDaily>
          <EIRDaily origin="interpolate">0.00177</EIRDaily>
          <EIRDaily origin="interpolate">0.00168</EIRDaily>
          <EIRDaily origin="interpolate">0.00160</EIRDaily>
          <EIRDaily origin="interpolate">0.00152</EIRDaily>
          <EIRDaily origin="interpolate">0.00143</EIRDaily>
          <EIRDaily origin="interpolate">0.00135</EIRDaily>
          <EIRDaily origin="interpolate">0.00126</EIRDaily>
          <EIRDaily origin="interpolate">0.00118</EIRDaily>
          <EIRDaily origin="interpolate">0.00109</EIRDaily>
          <EIRDaily origin="interpolate">0.00101</EIRDaily>
          <EIRDaily origin="interpolate">0.00093</EIRDaily>
          <EIRDaily origin="interpolate">0.00084</EIRDaily>
          <EIRDaily origin="interpolate">0.00076</EIRDaily>
          <EIRDaily origin="interpolate">0.00067</EIRDaily>
          <EIRDaily origin="interpolate">0.00059</EIRDaily>
          <EIRDaily origin="interpolate">0.00051</EIRDaily>
          <EIRDaily origin="interpolate">0.00042</EIRDaily>
          <EIRDaily origin="interpolate">0.00034</EIRDaily>
          <EIRDaily origin="interpolate">0.00025</EIRDaily>
          <EIRDaily origin="interpolate">0.00017</EIRDaily>
          <EIRDaily origin="interpolate">0.00009</EIRDaily>
          <EIRDaily origin="regression">0.00000</EIRDaily>
          <EIRDaily origin="interpolate">0.00017</EIRDaily>
          <EIRDaily origin="interpolate">0.00034</EIRDaily>
          <EIRDaily origin="interpolate">0.00052</EIRDaily>
          <EIRDaily origin="interpolate">0.00069</EIRDaily>
          <EIRDaily origin="interpolate">0.00086</EIRDaily>
          <EIRDaily origin="interpolate">0.00103</EIRDaily>
          <EIRDaily origin="interpolate">0.00120</EIRDaily>
          <EIRDaily origin="interpolate">0.00137</EIRDaily>
          <EIRDaily origin="interpolate">0.00154</EIRDaily>
          <EIRDaily origin="interpolate">0.00171</EIRDaily>
          <EIRDaily origin="interpolate">0.00189</EIRDaily>
          <EIRDaily origin="interpolate">0.00206</EIRDaily>
          <EIRDaily origin="interpolate">0.00223</EIRDaily>
          <EIRDaily origin="interpolate">0.00240</EIRDaily>
          <EIRDaily origin="interpolate">0.00257</EIRDaily>
          <EIRDaily origin="interpolate">0.00274</EIRDaily>
          <EIRDaily origin="interpolate">0.00291</EIRDaily>
          <EIRDaily origin="interpolate">0.00309</EIRDaily>
          <EIRDaily origin="interpolate">0.00326</EIRDaily>
          <EIRDaily origin="interpolate">0.00343</EIRDaily>
          <EIRDaily origin="interpolate">0.00360</EIRDaily>
          <EIRDaily origin="interpolate">0.00377</EIRDaily>
          <EIRDaily origin="interpolate">0.00394</EIRDaily>
          <EIRDaily origin="interpolate">0.00411</EIRDaily>
          <EIRDaily origin="interpolate">0.00428</EIRDaily>
          <EIRDaily origin="interpolate">0.00446</EIRDaily>
          <EIRDaily origin="interpolate">0.00463</EIRDaily>
          <EIRDaily origin="regression">0.00480</EIRDaily>
          <EIRDaily origin="interpolate">0.00497</EIRDaily>
          <EIRDaily origin="interpolate">0.00514</EIRDaily>
          <EIRDaily origin="interpolate">0.00531</EIRDaily>
          <EIRDaily origin="interpolate">0.00548</EIRDaily>
          <EIRDaily origin="interpolate">0.00566</EIRDaily>
          <EIRDaily origin="interpolate">0.00583</EIRDaily>
          <EIRDaily origin="interpolate">0.00600</EIRDaily>
          <EIRDaily origin="interpolate">0.00617</EIRDaily>
          <EIRDaily origin="interpolate">0.00634</EIRDaily>
          <EIRDaily origin="interpolate">0.00651</EIRDaily>
          <EIRDaily origin="interpolate">0.00668</EIRDaily>
          <EIRDaily origin="interpolate">0.00685</EIRDaily>
          <EIRDaily origin="interpolate">0.00703</EIRDaily>
          <EIRDaily origin="interpolate">0.00720</EIRDaily>
          <EIRDaily origin="interpolate">0.00737</EIRDaily>
          <EIRDaily origin="interpolate">0.00754</EIRDaily>
          <EIRDaily origin="interpolate">0.00771</EIRDaily>
          <EIRDaily origin="interpolate">0.00788</EIRDaily>
          <EIRDaily origin="interpolate">0.00805</EIRDaily>
          <EIRDaily origin="interpolate">0.00823</EIRDaily>
          <EIRDaily origin="interpolate">0.00840</EIRDaily>
          <EIRDaily origin="interpolate">0.00857</EIRDaily>
          <EIRDaily origin="interpolate">0.00874</EIRDaily>
          <EIRDaily origin="interpolate">0.00891</EIRDaily>
          <EIRDaily origin="interpolate">0.00908</EIRDaily>
          <EIRDaily origin="interpolate">0.00925</EIRDaily>
          <EIRDaily origin="interpolate">0.00942</EIRDaily>
          <EIRDaily origin="regression">0.00960</EIRDaily>
          <EIRDaily origin="interpolate">0.00925</EIRDaily>
          <EIRDaily origin="interpolate">0.00891</EIRDaily>
          <EIRDaily origin="interpolate">0.00857</EIRDaily>
          <EIRDaily origin="interpolate">0.00823</EIRDaily>
          <EIRDaily origin="interpolate">0.00788</EIRDaily>
          <EIRDaily origin="interpolate">0.00754</EIRDaily>
          <EIRDaily origin="interpolate">0.00720</EIRDaily>
          <EIRDaily origin="interpolate">0.00685</EIRDaily>
          <EIRDaily origin="interpolate">0.00651</EIRDaily>
          <EIRDaily origin="interpolate">0.00617</EIRDaily>
          <EIRDaily origin="interpolate">0.00583</EIRDaily>
          <EIRDaily origin="interpolate">0.00548</EIRDaily>
          <EIRDaily origin="interpolate">0.00514</EIRDaily>
          <EIRDaily origin="regression">0.00480</EIRDaily>
          <EIRDaily origin="interpolate">0.00463</EIRDaily>
          <EIRDaily origin="interpolate">0.00446</EIRDaily>
          <EIRDaily origin="interpolate">0.00429</EIRDaily>
          <EIRDaily origin="interpolate">0.00411</EIRDaily>
          <EIRDaily origin="interpolate">0.00394</EIRDaily>
          <EIRDaily origin="interpolate">0.00377</EIRDaily>
          <EIRDaily origin="interpolate">0.00360</EIRDaily>
          <EIRDaily origin="interpolate">0.00343</EIRDaily>
          <EIRDaily origin="interpolate">0.00326</EIRDaily>
          <EIRDaily origin="interpolate">0.00309</EIRDaily>
          <EIRDaily origin="interpolate">0.00292</EIRDaily>
          <EIRDaily origin="interpolate">0.00274</EIRDaily>
          <EIRDaily origin="interpolate">0.00257</EIRDaily>
          <EIRDaily origin="regression">0.00240</EIRDaily>
          <EIRDaily origin="interpolate">0.00240</EIRDaily>
          <EIRDaily origin="interpolate">0.00240</EIRDaily>
          <EIRDaily origin="interpolate">0.00240</EIRDaily>
          <EIRDaily origin="interpolate">0.00240</EIRDaily>
          <EIRDaily origin="interpolate">0.00240</EIRDaily>
          <EIRDaily origin="interpolate">0.00240</EIRDaily>
          <EIRDaily origin="interpolate">0.00240</EIRDaily>
          <EIRDaily origin="interpolate">0.00240</EIRDaily>
          <EIRDaily origin="interpolate">0.00240</EIRDaily>
          <EIRDaily origin="interpolate">0.00240</EIRDaily>
          <EIRDaily origin="interpolate">0.00240</EIRDaily>
          <EIRDaily origin="interpolate">0.00240</EIRDaily>
          <EIRDaily origin="interpolate">0.00240</EIRDaily>
          <EIRDaily origin="regression">0.00240</EIRDaily>
          <EIRDaily origin="interpolate">0.00223</EIRDaily>
          <EIRDaily origin="interpolate">0.00206</EIRDaily>
          <EIRDaily origin="interpolate">0.00189</EIRDaily>
          <EIRDaily origin="interpolate">0.00172</EIRDaily>
          <EIRDaily origin="interpolate">0.00154</EIRDaily>
          <EIRDaily origin="interpolate">0.00137</EIRDaily>
          <EIRDaily origin="interpolate">0.00120</EIRDaily>
          <EIRDaily origin="interpolate">0.00103</EIRDaily>
          <EIRDaily origin="interpolate">0.00086</EIRDaily>
          <EIRDaily origin="interpolate">0.00069</EIRDaily>
          <EIRDaily origin="interpolate">0.00052</EIRDaily>
          <EIRDaily origin="interpolate">0.00034</EIRDaily>
          <EIRDaily origin="interpolate">0.00017</EIRDaily>
          <EIRDaily origin="regression">0.00000</EIRDaily>
          <EIRDaily origin="interpolate">0.00314</EIRDaily>
          <EIRDaily origin="interpolate">0.00628</EIRDaily>
          <EIRDaily origin="interpolate">0.00941</EIRDaily>
          <EIRDaily origin="interpolate">0.01255</EIRDaily>
          <EIRDaily origin="interpolate">0.01569</EIRDaily>
          <EIRDaily origin="interpolate">0.01882</EIRDaily>
          <EIRDaily origin="interpolate">0.02196</EIRDaily>
          <EIRDaily origin="interpolate">0.02510</EIRDaily>
          <EIRDaily origin="interpolate">0.02823</EIRDaily>
          <EIRDaily origin="interpolate">0.03137</EIRDaily>
          <EIRDaily origin="interpolate">0.03451</EIRDaily>
          <EIRDaily origin="interpolate">0.03764</EIRDaily>
          <EIRDaily origin="regression">0.04078</EIRDaily>
          <EIRDaily origin="interpolate">0.04164</EIRDaily>
          <EIRDaily origin="interpolate">0.04249</EIRDaily>
          <EIRDaily origin="interpolate">0.04335</EIRDaily>
          <EIRDaily origin="interpolate">0.04421</EIRDaily>
          <EIRDaily origin="interpolate">0.04506</EIRDaily>
          <EIRDaily origin="interpolate">0.04592</EIRDaily>
          <EIRDaily origin="interpolate">0.04678</EIRDaily>
          <EIRDaily origin="interpolate">0.04763</EIRDaily>
          <EIRDaily origin="interpolate">0.04849</EIRDaily>
          <EIRDaily origin="interpolate">0.04935</EIRDaily>
          <EIRDaily origin="interpolate">0.05020</EIRDaily>
          <EIRDaily origin="interpolate">0.05106</EIRDaily>
          <EIRDaily origin="interpolate">0.05192</EIRDaily>
          <EIRDaily origin="regression">0.05277</EIRDaily>
          <EIRDaily origin="interpolate">0.04935</EIRDaily>
          <EIRDaily origin="interpolate">0.04592</EIRDaily>
          <EIRDaily origin="interpolate">0.04249</EIRDaily>
          <EIRDaily origin="interpolate">0.03907</EIRDaily>
          <EIRDaily origin="interpolate">0.03564</EIRDaily>
          <EIRDaily origin="interpolate">0.03221</EIRDaily>
          <EIRDaily origin="interpolate">0.02879</EIRDaily>
          <EIRDaily origin="interpolate">0.02536</EIRDaily>
          <EIRDaily origin="interpolate">0.02193</EIRDaily>
          <EIRDaily origin="interpolate">0.01851</EIRDaily>
          <EIRDaily origin="interpolate">0.01508</EIRDaily>
          <EIRDaily origin="interpolate">0.01165</EIRDaily>
          <EIRDaily origin="interpolate">0.00823</EIRDaily>
          <EIRDaily origin="regression">0.00480</EIRDaily>
          <EIRDaily origin="interpolate">0.00480</EIRDaily>
          <EIRDaily origin="interpolate">0.00480</EIRDaily>
          <EIRDaily origin="interpolate">0.00480</EIRDaily>
          <EIRDaily origin="interpolate">0.00480</EIRDaily>
          <EIRDaily origin="interpolate">0.00480</EIRDaily>
          <EIRDaily origin="interpolate">0.00480</EIRDaily>
          <EIRDaily origin="interpolate">0.00480</EIRDaily>
          <EIRDaily origin="interpolate">0.00480</EIRDaily>
          <EIRDaily origin="interpolate">0.00480</EIRDaily>
          <EIRDaily origin="interpolate">0.00480</EIRDaily>
          <EIRDaily origin="interpolate">0.00480</EIRDaily>
          <EIRDaily origin="interpolate">0.00480</EIRDaily>
          <EIRDaily origin="interpolate">0.00480</EIRDaily>
          <EIRDaily origin="regression">0.00480</EIRDaily>
          <EIRDaily origin="interpolate">0.00446</EIRDaily>
          <EIRDaily origin="interpolate">0.00411</EIRDaily>
          <EIRDaily origin="interpolate">0.00377</EIRDaily>
          <EIRDaily origin="interpolate">0.00343</EIRDaily>
          <EIRDaily origin="interpolate">0.00309</EIRDaily>
          <EIRDaily origin="interpolate">0.00274</EIRDaily>
          <EIRDaily origin="interpolate">0.00240</EIRDaily>
          <EIRDaily origin="interpolate">0.00206</EIRDaily>
          <EIRDaily origin="interpolate">0.00171</EIRDaily>
          <EIRDaily origin="interpolate">0.00137</EIRDaily>
          <EIRDaily origin="interpolate">0.00103</EIRDaily>
          <EIRDaily origin="interpolate">0.00069</EIRDaily>
          <EIRDaily origin="interpolate">0.00034</EIRDaily>
          <EIRDaily origin="regression">0.00010</EIRDaily>
          <EIRDaily origin="interpolate">0.00010</EIRDaily>
          <EIRDaily origin="interpolate">0.00010</EIRDaily>
          <EIRDaily origin="interpolate">0.00010</EIRDaily>
          <EIRDaily origin="interpolate">0.00010</EIRDaily>
          <EIRDaily origin="interpolate">0.00010</EIRDaily>
          <EIRDaily origin="interpolate">0.00010</EIRDaily>
          <EIRDaily origin="interpolate">0.00010</EIRDaily>
          <EIRDaily origin="interpolate">0.00010</EIRDaily>
          <EIRDaily origin="interpolate">0.00010</EIRDaily>
          <EIRDaily origin="interpolate">0.00010</EIRDaily>
          <EIRDaily origin="interpolate">0.00010</EIRDaily>
          <EIRDaily origin="interpolate">0.00010</EIRDaily>
          <EIRDaily origin="interpolate">0.00010</EIRDaily>
          <EIRDaily origin="interpolate">0.00010</EIRDaily>
          <EIRDaily origin="interpolate">0.00010</EIRDaily>
          <EIRDaily origin="interpolate">0.00010</EIRDaily>
          <EIRDaily origin="interpolate">0.00010</EIRDaily>
          <EIRDaily origin="interpolate">0.00010</EIRDaily>
          <EIRDaily origin="interpolate">0.00010</EIRDaily>
          <EIRDaily origin="interpolate">0.00010</EIRDaily>
          <EIRDaily origin="interpolate">0.00010</EIRDaily>
          <EIRDaily origin="interpolate">0.00010</EIRDaily>
          <EIRDaily origin="interpolate">0.00010</EIRDaily>
          <EIRDaily origin="interpolate">0.00010</EIRDaily>
          <EIRDaily origin="interpolate">0.00010</EIRDaily>
          <EIRDaily origin="regression">0.00010</EIRDaily>
          <EIRDaily origin="interpolate">0.00010</EIRDaily>
          <EIRDaily origin="interpolate">0.00010</EIRDaily>
          <EIRDaily origin="interpolate">0.00010</EIRDaily>
          <EIRDaily origin="interpolate">0.00010</EIRDaily>
          <EIRDaily origin="interpolate">0.00010</EIRDaily>
          <EIRDaily origin="interpolate">0.00010</EIRDaily>
          <EIRDaily origin="interpolate">0.00010</EIRDaily>
          <EIRDaily origin="interpolate">0.00010</EIRDaily>
          <EIRDaily origin="interpolate">0.00010</EIRDaily>
          <EIRDaily origin="interpolate">0.00010</EIRDaily>
          <EIRDaily origin="interpolate">0.00010</EIRDaily>
          <EIRDaily origin="interpolate">0.00010</EIRDaily>
          <EIRDaily origin="interpolate">0.00010</EIRDaily>
          <EIRDaily origin="interpolate">0.00010</EIRDaily>
          <EIRDaily origin="interpolate">0.00010</EIRDaily>
          <EIRDaily origin="interpolate">0.00010</EIRDaily>
          <EIRDaily origin="interpolate">0.00010</EIRDaily>
          <EIRDaily origin="interpolate">0.00010</EIRDaily>
          <EIRDaily origin="interpolate">0.00010</EIRDaily>
          <EIRDaily origin="interpolate">0.00010</EIRDaily>
          <EIRDaily origin="interpolate">0.00010</EIRDaily>
          <EIRDaily origin="interpolate">0.00010</EIRDaily>
          <EIRDaily origin="interpolate">0.00010</EIRDaily>
          <EIRDaily origin="interpolate">0.00010</EIRDaily>
          <EIRDaily origin="interpolate">0.00010</EIRDaily>
          <EIRDaily origin="interpolate">0.00010</EIRDaily>
          <EIRDaily origin="interpolate">0.00010</EIRDaily>
          <EIRDaily origin="interpolate">0.00010</EIRDaily>
          <EIRDaily origin="interpolate">0.00010</EIRDaily>
          <EIRDaily origin="regression">0.00010</EIRDaily>
          <EIRDaily origin="interpolate">0.00010</EIRDaily>
          <EIRDaily origin="interpolate">0.00010</EIRDaily>
          <EIRDaily origin="interpolate">0.00010</EIRDaily>
          <EIRDaily origin="interpolate">0.00010</EIRDaily>
          <EIRDaily origin="interpolate">0.00010</EIRDaily>
          <EIRDaily origin="interpolate">0.00010</EIRDaily>
          <EIRDaily origin="interpolate">0.00010</EIRDaily>
          <EIRDaily origin="interpolate">0.00010</EIRDaily>
          <EIRDaily origin="interpolate">0.00010</EIRDaily>
          <EIRDaily origin="interpolate">0.00010</EIRDaily>
          <EIRDaily origin="interpolate">0.00010</EIRDaily>
          <EIRDaily origin="interpolate">0.00010</EIRDaily>
          <EIRDaily origin="interpolate">0.00010</EIRDaily>
          <EIRDaily origin="interpolate">0.00010</EIRDaily>
          <EIRDaily origin="interpolate">0.00010</EIRDaily>
          <EIRDaily origin="interpolate">0.00010</EIRDaily>
          <EIRDaily origin="interpolate">0.00010</EIRDaily>
          <EIRDaily origin="interpolate">0.00010</EIRDaily>
          <EIRDaily origin="interpolate">0.00010</EIRDaily>
          <EIRDaily origin="interpolate">0.00010</EIRDaily>
          <EIRDaily origin="interpolate">0.00010</EIRDaily>
          <EIRDaily origin="interpolate">0.00010</EIRDaily>
          <EIRDaily origin="interpolate">0.00010</EIRDaily>
          <EIRDaily origin="interpolate">0.00010</EIRDaily>
          <EIRDaily origin="interpolate">0.00010</EIRDaily>
          <EIRDaily origin="interpolate">0.00010</EIRDaily>
          <EIRDaily origin="regression">0.00010</EIRDaily>
          <EIRDaily origin="interpolate">0.00010</EIRDaily>
          <EIRDaily origin="interpolate">0.00010</EIRDaily>
          <EIRDaily origin="interpolate">0.00010</EIRDaily>
          <EIRDaily origin="interpolate">0.00010</EIRDaily>
          <EIRDaily origin="interpolate">0.00010</EIRDaily>
          <EIRDaily origin="interpolate">0.00010</EIRDaily>
          <EIRDaily origin="interpolate">0.00010</EIRDaily>
          <EIRDaily origin="interpolate">0.00010</EIRDaily>
          <EIRDaily origin="interpolate">0.00010</EIRDaily>
          <EIRDaily origin="interpolate">0.00010</EIRDaily>
          <EIRDaily origin="interpolate">0.00010</EIRDaily>
          <EIRDaily origin="interpolate">0.00010</EIRDaily>
          <EIRDaily origin="interpolate">0.00010</EIRDaily>
          <EIRDaily origin="interpolate">0.00010</EIRDaily>
          <EIRDaily origin="interpolate">0.00010</EIRDaily>
          <EIRDaily origin="interpolate">0.00010</EIRDaily>
          <EIRDaily origin="interpolate">0.00010</EIRDaily>
          <EIRDaily origin="interpolate">0.00010</EIRDaily>
          <EIRDaily origin="interpolate">0.00010</EIRDaily>
          <EIRDaily origin="interpolate">0.00010</EIRDaily>
          <EIRDaily origin="interpolate">0.00010</EIRDaily>
          <EIRDaily origin="interpolate">0.00010</EIRDaily>
          <EIRDaily origin="interpolate">0.00010</EIRDaily>
          <EIRDaily origin="interpolate">0.00010</EIRDaily>
          <EIRDaily origin="interpolate">0.00010</EIRDaily>
          <EIRDaily origin="interpolate">0.00010</EIRDaily>
          <EIRDaily origin="regression">0.00010</EIRDaily>
          <EIRDaily origin="interpolate">0.00010</EIRDaily>
          <EIRDaily origin="interpolate">0.00010</EIRDaily>
          <EIRDaily origin="interpolate">0.00010</EIRDaily>
          <EIRDaily origin="interpolate">0.00010</EIRDaily>
          <EIRDaily origin="interpolate">0.00010</EIRDaily>
          <EIRDaily origin="interpolate">0.00010</EIRDaily>
          <EIRDaily origin="interpolate">0.00010</EIRDaily>
          <EIRDaily origin="interpolate">0.00010</EIRDaily>
          <EIRDaily origin="interpolate">0.00010</EIRDaily>
          <EIRDaily origin="interpolate">0.00010</EIRDaily>
          <EIRDaily origin="interpolate">0.00010</EIRDaily>
          <EIRDaily origin="interpolate">0.00010</EIRDaily>
          <EIRDaily origin="interpolate">0.00010</EIRDaily>
          <EIRDaily origin="interpolate">0.00010</EIRDaily>
          <EIRDaily origin="interpolate">0.00010</EIRDaily>
          <EIRDaily origin="interpolate">0.00010</EIRDaily>
          <EIRDaily origin="interpolate">0.00010</EIRDaily>
          <EIRDaily origin="interpolate">0.00010</EIRDaily>
          <EIRDaily origin="interpolate">0.00010</EIRDaily>
          <EIRDaily origin="interpolate">0.00010</EIRDaily>
          <EIRDaily origin="interpolate">0.00010</EIRDaily>
          <EIRDaily origin="interpolate">0.00010</EIRDaily>
          <EIRDaily origin="interpolate">0.00010</EIRDaily>
          <EIRDaily origin="interpolate">0.00010</EIRDaily>
          <EIRDaily origin="interpolate">0.00010</EIRDaily>
          <EIRDaily origin="interpolate">0.00010</EIRDaily>
          <EIRDaily origin="interpolate">0.00010</EIRDaily>
          <EIRDaily origin="regression">0.00010</EIRDaily>
          <EIRDaily origin="interpolate">0.00010</EIRDaily>
          <EIRDaily origin="interpolate">0.00010</EIRDaily>
          <EIRDaily origin="interpolate">0.00010</EIRDaily>
          <EIRDaily origin="interpolate">0.00010</EIRDaily>
          <EIRDaily origin="interpolate">0.00010</EIRDaily>
          <EIRDaily origin="interpolate">0.00010</EIRDaily>
          <EIRDaily origin="interpolate">0.00010</EIRDaily>
          <EIRDaily origin="interpolate">0.00010</EIRDaily>
          <EIRDaily origin="interpolate">0.00010</EIRDaily>
          <EIRDaily origin="interpolate">0.00010</EIRDaily>
          <EIRDaily origin="interpolate">0.00010</EIRDaily>
          <EIRDaily origin="interpolate">0.00010</EIRDaily>
          <EIRDaily origin="interpolate">0.00010</EIRDaily>
          <EIRDaily origin="interpolate">0.00010</EIRDaily>
          <EIRDaily origin="interpolate">0.00010</EIRDaily>
          <EIRDaily origin="interpolate">0.00010</EIRDaily>
          <EIRDaily origin="interpolate">0.00010</EIRDaily>
          <EIRDaily origin="interpolate">0.00010</EIRDaily>
          <EIRDaily origin="interpolate">0.00010</EIRDaily>
          <EIRDaily origin="interpolate">0.00010</EIRDaily>
          <EIRDaily origin="interpolate">0.00010</EIRDaily>
          <EIRDaily origin="interpolate">0.00010</EIRDaily>
          <EIRDaily origin="interpolate">0.00010</EIRDaily>
          <EIRDaily origin="interpolate">0.00010</EIRDaily>
          <EIRDaily origin="interpolate">0.00010</EIRDaily>
          <EIRDaily origin="interpolate">0.00010</EIRDaily>
          <EIRDaily origin="interpolate">0.00010</EIRDaily>
          <EIRDaily origin="interpolate">0.00010</EIRDaily>
          <EIRDaily origin="regression">0.00010</EIRDaily>
          <EIRDaily origin="interpolate">0.00009</EIRDaily>
          <EIRDaily origin="interpolate">0.00018</EIRDaily>
          <EIRDaily origin="interpolate">0.00026</EIRDaily>
          <EIRDaily origin="interpolate">0.00035</EIRDaily>
          <EIRDaily origin="interpolate">0.00044</EIRDaily>
          <EIRDaily origin="interpolate">0.00052</EIRDaily>
          <EIRDaily origin="interpolate">0.00061</EIRDaily>
          <EIRDaily origin="interpolate">0.00070</EIRDaily>
          <EIRDaily origin="interpolate">0.00079</EIRDaily>
          <EIRDaily origin="interpolate">0.00087</EIRDaily>
          <EIRDaily origin="interpolate">0.00096</EIRDaily>
          <EIRDaily origin="interpolate">0.00105</EIRDaily>
          <EIRDaily origin="interpolate">0.00114</EIRDaily>
          <EIRDaily origin="interpolate">0.00122</EIRDaily>
          <EIRDaily origin="interpolate">0.00131</EIRDaily>
          <EIRDaily origin="interpolate">0.00140</EIRDaily>
          <EIRDaily origin="interpolate">0.00148</EIRDaily>
          <EIRDaily origin="interpolate">0.00157</EIRDaily>
          <EIRDaily origin="interpolate">0.00166</EIRDaily>
          <EIRDaily origin="interpolate">0.00175</EIRDaily>
          <EIRDaily origin="interpolate">0.00183</EIRDaily>
          <EIRDaily origin="interpolate">0.00192</EIRDaily>
          <EIRDaily origin="interpolate">0.00201</EIRDaily>
          <EIRDaily origin="interpolate">0.00209</EIRDaily>
          <EIRDaily origin="interpolate">0.00218</EIRDaily>
          <EIRDaily origin="interpolate">0.00227</EIRDaily>
          <EIRDaily origin="regression">0.00236</EIRDaily>
          <EIRDaily origin="interpolate">0.00236</EIRDaily>
          <EIRDaily origin="interpolate">0.00236</EIRDaily>
          <EIRDaily origin="interpolate">0.00236</EIRDaily>
          <EIRDaily origin="interpolate">0.00236</EIRDaily>
          <EIRDaily origin="interpolate">0.00236</EIRDaily>
          <EIRDaily origin="interpolate">0.00236</EIRDaily>
          <EIRDaily origin="interpolate">0.00236</EIRDaily>
          <EIRDaily origin="interpolate">0.00236</EIRDaily>
          <EIRDaily origin="interpolate">0.00236</EIRDaily>
          <EIRDaily origin="interpolate">0.00236</EIRDaily>
          <EIRDaily origin="interpolate">0.00236</EIRDaily>
          <EIRDaily origin="interpolate">0.00236</EIRDaily>
          <EIRDaily origin="interpolate">0.00236</EIRDaily>
          <EIRDaily origin="interpolate">0.00236</EIRDaily>
          <EIRDaily origin="interpolate">0.00236</EIRDaily>
          <EIRDaily origin="interpolate">0.00236</EIRDaily>
          <EIRDaily origin="interpolate">0.00236</EIRDaily>
          <EIRDaily origin="interpolate">0.00236</EIRDaily>
          <EIRDaily origin="interpolate">0.00236</EIRDaily>
          <EIRDaily origin="interpolate">0.00236</EIRDaily>
          <EIRDaily origin="interpolate">0.00236</EIRDaily>
          <EIRDaily origin="interpolate">0.00236</EIRDaily>
          <EIRDaily origin="interpolate">0.00236</EIRDaily>
          <EIRDaily origin="interpolate">0.00236</EIRDaily>
          <EIRDaily origin="interpolate">0.00236</EIRDaily>
          <EIRDaily origin="interpolate">0.00236</EIRDaily>
          <EIRDaily origin="interpolate">0.00236</EIRDaily>
          <EIRDaily origin="regression">0.00236</EIRDaily>
          <EIRDaily origin="interpolate">0.00221</EIRDaily>
          <EIRDaily origin="interpolate">0.00206</EIRDaily>
          <EIRDaily origin="interpolate">0.00191</EIRDaily>
          <EIRDaily origin="interpolate">0.00177</EIRDaily>
          <EIRDaily origin="interpolate">0.00162</EIRDaily>
          <EIRDaily origin="interpolate">0.00147</EIRDaily>
          <EIRDaily origin="interpolate">0.00133</EIRDaily>
          <EIRDaily origin="interpolate">0.00118</EIRDaily>
          <EIRDaily origin="interpolate">0.00103</EIRDaily>
          <EIRDaily origin="interpolate">0.00088</EIRDaily>
          <EIRDaily origin="interpolate">0.00074</EIRDaily>
          <EIRDaily origin="interpolate">0.00059</EIRDaily>
          <EIRDaily origin="interpolate">0.00044</EIRDaily>
          <EIRDaily origin="interpolate">0.00030</EIRDaily>
          <EIRDaily origin="interpolate">0.00015</EIRDaily>
          <EIRDaily origin="regression">0.00000</EIRDaily>
          <EIRDaily origin="interpolate">0.00017</EIRDaily>
          <EIRDaily origin="interpolate">0.00034</EIRDaily>
          <EIRDaily origin="interpolate">0.00052</EIRDaily>
          <EIRDaily origin="interpolate">0.00069</EIRDaily>
          <EIRDaily origin="interpolate">0.00086</EIRDaily>
          <EIRDaily origin="interpolate">0.00103</EIRDaily>
          <EIRDaily origin="interpolate">0.00120</EIRDaily>
          <EIRDaily origin="interpolate">0.00137</EIRDaily>
          <EIRDaily origin="interpolate">0.00154</EIRDaily>
          <EIRDaily origin="interpolate">0.00172</EIRDaily>
          <EIRDaily origin="interpolate">0.00189</EIRDaily>
          <EIRDaily origin="interpolate">0.00206</EIRDaily>
          <EIRDaily origin="interpolate">0.00223</EIRDaily>
          <EIRDaily origin="regression">0.00240</EIRDaily>
          <EIRDaily origin="interpolate">0.00257</EIRDaily>
          <EIRDaily origin="interpolate">0.00274</EIRDaily>
          <EIRDaily origin="interpolate">0.00292</EIRDaily>
          <EIRDaily origin="interpolate">0.00309</EIRDaily>
          <EIRDaily origin="interpolate">0.00326</EIRDaily>
          <EIRDaily origin="interpolate">0.00343</EIRDaily>
          <EIRDaily origin="interpolate">0.00360</EIRDaily>
          <EIRDaily origin="interpolate">0.00377</EIRDaily>
          <EIRDaily origin="interpolate">0.00394</EIRDaily>
          <EIRDaily origin="interpolate">0.00411</EIRDaily>
          <EIRDaily origin="interpolate">0.00429</EIRDaily>
          <EIRDaily origin="interpolate">0.00446</EIRDaily>
          <EIRDaily origin="interpolate">0.00463</EIRDaily>
          <EIRDaily origin="regression">0.00480</EIRDaily>
          <EIRDaily origin="interpolate">0.00720</EIRDaily>
          <EIRDaily origin="interpolate">0.00960</EIRDaily>
          <EIRDaily origin="interpolate">0.01200</EIRDaily>
          <EIRDaily origin="interpolate">0.01439</EIRDaily>
          <EIRDaily origin="interpolate">0.01679</EIRDaily>
          <EIRDaily origin="interpolate">0.01919</EIRDaily>
          <EIRDaily origin="interpolate">0.02159</EIRDaily>
          <EIRDaily origin="interpolate">0.02399</EIRDaily>
          <EIRDaily origin="interpolate">0.02639</EIRDaily>
          <EIRDaily origin="interpolate">0.02879</EIRDaily>
          <EIRDaily origin="interpolate">0.03119</EIRDaily>
          <EIRDaily origin="interpolate">0.03358</EIRDaily>
          <EIRDaily origin="interpolate">0.03598</EIRDaily>
          <EIRDaily origin="regression">0.03838</EIRDaily>
          <EIRDaily origin="interpolate">0.06014</EIRDaily>
          <EIRDaily origin="interpolate">0.08190</EIRDaily>
          <EIRDaily origin="interpolate">0.10366</EIRDaily>
          <EIRDaily origin="interpolate">0.12542</EIRDaily>
          <EIRDaily origin="interpolate">0.14718</EIRDaily>
          <EIRDaily origin="interpolate">0.16894</EIRDaily>
          <EIRDaily origin="interpolate">0.19070</EIRDaily>
          <EIRDaily origin="interpolate">0.21246</EIRDaily>
          <EIRDaily origin="interpolate">0.23422</EIRDaily>
          <EIRDaily origin="interpolate">0.25598</EIRDaily>
          <EIRDaily origin="interpolate">0.27774</EIRDaily>
          <EIRDaily origin="interpolate">0.29950</EIRDaily>
          <EIRDaily origin="interpolate">0.32126</EIRDaily>
          <EIRDaily origin="regression">0.34302</EIRDaily>
          <EIRDaily origin="interpolate">0.32349</EIRDaily>
          <EIRDaily origin="interpolate">0.30396</EIRDaily>
          <EIRDaily origin="interpolate">0.28443</EIRDaily>
          <EIRDaily origin="interpolate">0.26489</EIRDaily>
          <EIRDaily origin="interpolate">0.24536</EIRDaily>
          <EIRDaily origin="interpolate">0.22583</EIRDaily>
          <EIRDaily origin="interpolate">0.20630</EIRDaily>
          <EIRDaily origin="interpolate">0.18676</EIRDaily>
          <EIRDaily origin="interpolate">0.16723</EIRDaily>
          <EIRDaily origin="interpolate">0.14770</EIRDaily>
          <EIRDaily origin="interpolate">0.12816</EIRDaily>
          <EIRDaily origin="interpolate">0.10863</EIRDaily>
          <EIRDaily origin="interpolate">0.08910</EIRDaily>
          <EIRDaily origin="regression">0.06957</EIRDaily>
          <EIRDaily origin="interpolate">0.06460</EIRDaily>
          <EIRDaily origin="interpolate">0.05963</EIRDaily>
          <EIRDaily origin="interpolate">0.05466</EIRDaily>
          <EIRDaily origin="interpolate">0.04969</EIRDaily>
          <EIRDaily origin="interpolate">0.04472</EIRDaily>
          <EIRDaily origin="interpolate">0.03975</EIRDaily>
          <EIRDaily origin="interpolate">0.03478</EIRDaily>
          <EIRDaily origin="interpolate">0.02981</EIRDaily>
          <EIRDaily origin="interpolate">0.02485</EIRDaily>
          <EIRDaily origin="interpolate">0.01988</EIRDaily>
          <EIRDaily origin="interpolate">0.01491</EIRDaily>
          <EIRDaily origin="interpolate">0.00994</EIRDaily>
          <EIRDaily origin="interpolate">0.00497</EIRDaily>
          <EIRDaily origin="regression">0.00000</EIRDaily>
          <EIRDaily origin="interpolate">0.00034</EIRDaily>
          <EIRDaily origin="interpolate">0.00069</EIRDaily>
          <EIRDaily origin="interpolate">0.00103</EIRDaily>
          <EIRDaily origin="interpolate">0.00137</EIRDaily>
          <EIRDaily origin="interpolate">0.00171</EIRDaily>
          <EIRDaily origin="interpolate">0.00206</EIRDaily>
          <EIRDaily origin="interpolate">0.00240</EIRDaily>
          <EIRDaily origin="interpolate">0.00274</EIRDaily>
          <EIRDaily origin="interpolate">0.00309</EIRDaily>
          <EIRDaily origin="interpolate">0.00343</EIRDaily>
          <EIRDaily origin="interpolate">0.00377</EIRDaily>
          <EIRDaily origin="interpolate">0.00411</EIRDaily>
          <EIRDaily origin="interpolate">0.00446</EIRDaily>
          <EIRDaily origin="regression">0.00480</EIRDaily>
          <EIRDaily origin="interpolate">0.00480</EIRDaily>
          <EIRDaily origin="interpolate">0.00480</EIRDaily>
          <EIRDaily origin="interpolate">0.00480</EIRDaily>
          <EIRDaily origin="interpolate">0.00480</EIRDaily>
          <EIRDaily origin="interpolate">0.00480</EIRDaily>
          <EIRDaily origin="interpolate">0.00480</EIRDaily>
          <EIRDaily origin="interpolate">0.00480</EIRDaily>
          <EIRDaily origin="interpolate">0.00480</EIRDaily>
          <EIRDaily origin="interpolate">0.00480</EIRDaily>
          <EIRDaily origin="interpolate">0.00480</EIRDaily>
          <EIRDaily origin="interpolate">0.00480</EIRDaily>
          <EIRDaily origin="interpolate">0.00480</EIRDaily>
          <EIRDaily origin="interpolate">0.00480</EIRDaily>
          <EIRDaily origin="regression">0.00480</EIRDaily>
          <EIRDaily origin="interpolate">0.00480</EIRDaily>
          <EIRDaily origin="interpolate">0.00480</EIRDaily>
          <EIRDaily origin="interpolate">0.00480</EIRDaily>
          <EIRDaily origin="interpolate">0.00480</EIRDaily>
          <EIRDaily origin="interpolate">0.00480</EIRDaily>
          <EIRDaily origin="interpolate">0.00480</EIRDaily>
          <EIRDaily origin="interpolate">0.00480</EIRDaily>
          <EIRDaily origin="interpolate">0.00480</EIRDaily>
          <EIRDaily origin="interpolate">0.00480</EIRDaily>
          <EIRDaily origin="interpolate">0.00480</EIRDaily>
          <EIRDaily origin="interpolate">0.00480</EIRDaily>
          <EIRDaily origin="interpolate">0.00480</EIRDaily>
          <EIRDaily origin="interpolate">0.00480</EIRDaily>
          <EIRDaily origin="regression">0.00480</EIRDaily>
        </changeEIR>
        <MDA coverage="1" maxAge="999" minAge="0"/>
      </intervention>
      <intervention time="14">
        <MDA coverage="1" maxAge="999" minAge="0"/>
      </intervention>
      <intervention time="28">
        <MDA coverage="1" maxAge="999" minAge="0"/>
      </intervention>
      <intervention time="42">
        <MDA coverage="1" maxAge="999" minAge="0"/>
      </intervention>
      <intervention time="56">
        <MDA coverage="1" maxAge="999" minAge="0"/>
      </intervention>
      <intervention time="70">
        <MDA coverage="1" maxAge="999" minAge="0"/>
      </intervention>
      <intervention time="84">
        <MDA coverage="1" maxAge="999" minAge="0"/>
      </intervention>
      <intervention time="98">
        <MDA coverage="1" maxAge="999" minAge="0"/>
      </intervention>
      <intervention time="112">
        <MDA coverage="1" maxAge="999" minAge="0"/>
      </intervention>
      <intervention time="126">
        <MDA coverage="1" maxAge="999" minAge="0"/>
      </intervention>
      <intervention time="140">
        <MDA coverage="1" maxAge="999" minAge="0"/>
      </intervention>
    </timed>
  </interventions>
  <healthSystem>
    <ImmediateOutcomes name="no Treatment no Mortality">
      <drugRegimen firstLine="CQ" inpatient="CQ" secondLine="CQ"/>
      <initialACR>
        <CQ value="0"/>
        <SP value="0"/>
        <AQ value="0"/>
        <ACT value="0"/>
        <QN value="0"/>
        <selfTreatment value="0"/>
      </initialACR>
      <compliance>
        <CQ value="0"/>
        <SP value="0"/>
        <AQ value="0"/>
        <ACT value="0"/>
        <QN value="0"/>
        <selfTreatment value="0"/>
      </compliance>
      <nonCompliersEffective>
        <CQ value="0"/>
        <SP value="0"/>
        <AQ value="0"/>
        <ACT value="0"/>
        <QN value="0"/>
        <selfTreatment value="0"/>
      </nonCompliersEffective>
      <pSeekOfficialCareUncomplicated1 value="0"/>
      <pSelfTreatUncomplicated value="0"/>
      <pSeekOfficialCareUncomplicated2 value="0"/>
      <pSeekOfficialCareSevere value="0"/>
    </ImmediateOutcomes>
    <CFR>
      <group lowerbound="0" value="0"/>
    </CFR>
    <pSequelaeInpatient>
      <group lowerbound="0.0" value="0.0132"/>
      <group lowerbound="5.0" value="0.005"/>
    </pSequelaeInpatient>
  </healthSystem>
  <entoData mode="4" name="Matsari Preintervention">
    <!--day1 in Garki is 26-10-70-->
    <nonVector eipDuration="10">
      <EIRDaily origin="regression">0.15927</EIRDaily>
      <EIRDaily origin="interpolate">0.15445</EIRDaily>
      <EIRDaily origin="interpolate">0.14962</EIRDaily>
      <EIRDaily origin="interpolate">0.14479</EIRDaily>
      <EIRDaily origin="interpolate">0.13997</EIRDaily>
      <EIRDaily origin="interpolate">0.13514</EIRDaily>
      <EIRDaily origin="interpolate">0.13032</EIRDaily>
      <EIRDaily origin="interpolate">0.12549</EIRDaily>
      <EIRDaily origin="interpolate">0.12066</EIRDaily>
      <EIRDaily origin="interpolate">0.11584</EIRDaily>
      <EIRDaily origin="interpolate">0.11101</EIRDaily>
      <EIRDaily origin="interpolate">0.10618</EIRDaily>
      <EIRDaily origin="interpolate">0.10136</EIRDaily>
      <EIRDaily origin="interpolate">0.09653</EIRDaily>
      <EIRDaily origin="interpolate">0.09170</EIRDaily>
      <EIRDaily origin="interpolate">0.08688</EIRDaily>
      <EIRDaily origin="interpolate">0.08205</EIRDaily>
      <EIRDaily origin="interpolate">0.07722</EIRDaily>
      <EIRDaily origin="interpolate">0.07240</EIRDaily>
      <EIRDaily origin="interpolate">0.06757</EIRDaily>
      <EIRDaily origin="interpolate">0.06274</EIRDaily>
      <EIRDaily origin="interpolate">0.05792</EIRDaily>
      <EIRDaily origin="interpolate">0.05309</EIRDaily>
      <EIRDaily origin="interpolate">0.04827</EIRDaily>
      <EIRDaily origin="interpolate">0.04344</EIRDaily>
      <EIRDaily origin="interpolate">0.03861</EIRDaily>
      <EIRDaily origin="interpolate">0.03379</EIRDaily>
      <EIRDaily origin="interpolate">0.02896</EIRDaily>
      <EIRDaily origin="interpolate">0.02413</EIRDaily>
      <EIRDaily origin="interpolate">0.01931</EIRDaily>
      <EIRDaily origin="interpolate">0.01448</EIRDaily>
      <EIRDaily origin="interpolate">0.00965</EIRDaily>
      <EIRDaily origin="interpolate">0.00483</EIRDaily>
      <EIRDaily origin="regression">0.00000</EIRDaily>
      <EIRDaily origin="interpolate">0.00000</EIRDaily>
      <EIRDaily origin="interpolate">0.00000</EIRDaily>
      <EIRDaily origin="interpolate">0.00000</EIRDaily>
      <EIRDaily origin="interpolate">0.00000</EIRDaily>
      <EIRDaily origin="interpolate">0.00000</EIRDaily>
      <EIRDaily origin="interpolate">0.00000</EIRDaily>
      <EIRDaily origin="interpolate">0.00000</EIRDaily>
      <EIRDaily origin="interpolate">0.00000</EIRDaily>
      <EIRDaily origin="interpolate">0.00000</EIRDaily>
      <EIRDaily origin="interpolate">0.00000</EIRDaily>
      <EIRDaily origin="interpolate">0.00000</EIRDaily>
      <EIRDaily origin="interpolate">0.00000</EIRDaily>
      <EIRDaily origin="interpolate">0.00000</EIRDaily>
      <EIRDaily origin="interpolate">0.00000</EIRDaily>
      <EIRDaily origin="interpolate">0.00000</EIRDaily>
      <EIRDaily origin="interpolate">0.00000</EIRDaily>
      <EIRDaily origin="interpolate">0.00000</EIRDaily>
      <EIRDaily origin="interpolate">0.00000</EIRDaily>
      <EIRDaily origin="interpolate">0.00000</EIRDaily>
      <EIRDaily origin="interpolate">0.00000</EIRDaily>
      <EIRDaily origin="interpolate">0.00000</EIRDaily>
      <EIRDaily origin="interpolate">0.00000</EIRDaily>
      <EIRDaily origin="interpolate">0.00000</EIRDaily>
      <EIRDaily origin="interpolate">0.00000</EIRDaily>
      <EIRDaily origin="interpolate">0.00000</EIRDaily>
      <EIRDaily origin="interpolate">0.00000</EIRDaily>
      <EIRDaily origin="interpolate">0.00000</EIRDaily>
      <EIRDaily origin="interpolate">0.00000</EIRDaily>
      <EIRDaily origin="interpolate">0.00000</EIRDaily>
      <EIRDaily origin="interpolate">0.00000</EIRDaily>
      <EIRDaily origin="interpolate">0.00000</EIRDaily>
      <EIRDaily origin="interpolate">0.00000</EIRDaily>
      <EIRDaily origin="interpolate">0.00000</EIRDaily>
      <EIRDaily origin="interpolate">0.00000</EIRDaily>
      <EIRDaily origin="interpolate">0.00000</EIRDaily>
      <EIRDaily origin="interpolate">0.00000</EIRDaily>
      <EIRDaily origin="regression">0.00000</EIRDaily>
      <EIRDaily origin="interpolate">0.00000</EIRDaily>
      <EIRDaily origin="interpolate">0.00000</EIRDaily>
      <EIRDaily origin="interpolate">0.00000</EIRDaily>
      <EIRDaily origin="interpolate">0.00000</EIRDaily>
      <EIRDaily origin="interpolate">0.00000</EIRDaily>
      <EIRDaily origin="interpolate">0.00000</EIRDaily>
      <EIRDaily origin="interpolate">0.00000</EIRDaily>
      <EIRDaily origin="interpolate">0.00000</EIRDaily>
      <EIRDaily origin="interpolate">0.00000</EIRDaily>
      <EIRDaily origin="interpolate">0.00000</EIRDaily>
      <EIRDaily origin="interpolate">0.00000</EIRDaily>
      <EIRDaily origin="interpolate">0.00000</EIRDaily>
      <EIRDaily origin="interpolate">0.00000</EIRDaily>
      <EIRDaily origin="interpolate">0.00000</EIRDaily>
      <EIRDaily origin="interpolate">0.00000</EIRDaily>
      <EIRDaily origin="interpolate">0.00000</EIRDaily>
      <EIRDaily origin="interpolate">0.00000</EIRDaily>
      <EIRDaily origin="interpolate">0.00000</EIRDaily>
      <EIRDaily origin="interpolate">0.00000</EIRDaily>
      <EIRDaily origin="interpolate">0.00000</EIRDaily>
      <EIRDaily origin="interpolate">0.00000</EIRDaily>
      <EIRDaily origin="interpolate">0.00000</EIRDaily>
      <EIRDaily origin="interpolate">0.00000</EIRDaily>
      <EIRDaily origin="interpolate">0.00000</EIRDaily>
      <EIRDaily origin="interpolate">0.00000</EIRDaily>
      <EIRDaily origin="interpolate">0.00000</EIRDaily>
      <EIRDaily origin="interpolate">0.00000</EIRDaily>
      <EIRDaily origin="interpolate">0.00000</EIRDaily>
      <EIRDaily origin="interpolate">0.00000</EIRDaily>
      <EIRDaily origin="interpolate">0.00000</EIRDaily>
      <EIRDaily origin="interpolate">0.00000</EIRDaily>
      <EIRDaily origin="interpolate">0.00000</EIRDaily>
      <EIRDaily origin="interpolate">0.00000</EIRDaily>
      <EIRDaily origin="interpolate">0.00000</EIRDaily>
      <EIRDaily origin="regression">0.00000</EIRDaily>
      <EIRDaily origin="interpolate">0.00000</EIRDaily>
      <EIRDaily origin="interpolate">0.00000</EIRDaily>
      <EIRDaily origin="interpolate">0.00000</EIRDaily>
      <EIRDaily origin="interpolate">0.00000</EIRDaily>
      <EIRDaily origin="interpolate">0.00000</EIRDaily>
      <EIRDaily origin="interpolate">0.00000</EIRDaily>
      <EIRDaily origin="interpolate">0.00000</EIRDaily>
      <EIRDaily origin="interpolate">0.00000</EIRDaily>
      <EIRDaily origin="interpolate">0.00000</EIRDaily>
      <EIRDaily origin="interpolate">0.00000</EIRDaily>
      <EIRDaily origin="interpolate">0.00000</EIRDaily>
      <EIRDaily origin="interpolate">0.00000</EIRDaily>
      <EIRDaily origin="interpolate">0.00000</EIRDaily>
      <EIRDaily origin="interpolate">0.00000</EIRDaily>
      <EIRDaily origin="interpolate">0.00000</EIRDaily>
      <EIRDaily origin="interpolate">0.00000</EIRDaily>
      <EIRDaily origin="interpolate">0.00000</EIRDaily>
      <EIRDaily origin="interpolate">0.00000</EIRDaily>
      <EIRDaily origin="interpolate">0.00000</EIRDaily>
      <EIRDaily origin="interpolate">0.00000</EIRDaily>
      <EIRDaily origin="interpolate">0.00000</EIRDaily>
      <EIRDaily origin="interpolate">0.00000</EIRDaily>
      <EIRDaily origin="interpolate">0.00000</EIRDaily>
      <EIRDaily origin="interpolate">0.00000</EIRDaily>
      <EIRDaily origin="interpolate">0.00000</EIRDaily>
      <EIRDaily origin="interpolate">0.00000</EIRDaily>
      <EIRDaily origin="interpolate">0.00000</EIRDaily>
      <EIRDaily origin="interpolate">0.00000</EIRDaily>
      <EIRDaily origin="interpolate">0.00000</EIRDaily>
      <EIRDaily origin="interpolate">0.00000</EIRDaily>
      <EIRDaily origin="interpolate">0.00000</EIRDaily>
      <EIRDaily origin="interpolate">0.00000</EIRDaily>
      <EIRDaily origin="interpolate">0.00000</EIRDaily>
      <EIRDaily origin="interpolate">0.00000</EIRDaily>
      <EIRDaily origin="interpolate">0.00000</EIRDaily>
      <EIRDaily origin="interpolate">0.00000</EIRDaily>
      <EIRDaily origin="interpolate">0.00000</EIRDaily>
      <EIRDaily origin="interpolate">0.00000</EIRDaily>
      <EIRDaily origin="interpolate">0.00000</EIRDaily>
      <EIRDaily origin="interpolate">0.00000</EIRDaily>
      <EIRDaily origin="interpolate">0.00000</EIRDaily>
      <EIRDaily origin="interpolate">0.00000</EIRDaily>
      <EIRDaily origin="interpolate">0.00000</EIRDaily>
      <EIRDaily origin="interpolate">0.00000</EIRDaily>
      <EIRDaily origin="interpolate">0.00000</EIRDaily>
      <EIRDaily origin="interpolate">0.00000</EIRDaily>
      <EIRDaily origin="interpolate">0.00000</EIRDaily>
      <EIRDaily origin="interpolate">0.00000</EIRDaily>
      <EIRDaily origin="interpolate">0.00000</EIRDaily>
      <EIRDaily origin="regression">0.00000</EIRDaily>
      <EIRDaily origin="interpolate">0.00000</EIRDaily>
      <EIRDaily origin="interpolate">0.00000</EIRDaily>
      <EIRDaily origin="interpolate">0.00000</EIRDaily>
      <EIRDaily origin="interpolate">0.00000</EIRDaily>
      <EIRDaily origin="interpolate">0.00000</EIRDaily>
      <EIRDaily origin="interpolate">0.00000</EIRDaily>
      <EIRDaily origin="interpolate">0.00000</EIRDaily>
      <EIRDaily origin="interpolate">0.00000</EIRDaily>
      <EIRDaily origin="interpolate">0.00000</EIRDaily>
      <EIRDaily origin="interpolate">0.00000</EIRDaily>
      <EIRDaily origin="interpolate">0.00000</EIRDaily>
      <EIRDaily origin="interpolate">0.00000</EIRDaily>
      <EIRDaily origin="interpolate">0.00000</EIRDaily>
      <EIRDaily origin="interpolate">0.00000</EIRDaily>
      <EIRDaily origin="interpolate">0.00000</EIRDaily>
      <EIRDaily origin="interpolate">0.00000</EIRDaily>
      <EIRDaily origin="interpolate">0.00000</EIRDaily>
      <EIRDaily origin="interpolate">0.00000</EIRDaily>
      <EIRDaily origin="interpolate">0.00000</EIRDaily>
      <EIRDaily origin="interpolate">0.00000</EIRDaily>
      <EIRDaily origin="interpolate">0.00000</EIRDaily>
      <EIRDaily origin="interpolate">0.00000</EIRDaily>
      <EIRDaily origin="interpolate">0.00000</EIRDaily>
      <EIRDaily origin="interpolate">0.00000</EIRDaily>
      <EIRDaily origin="interpolate">0.00000</EIRDaily>
      <EIRDaily origin="interpolate">0.00000</EIRDaily>
      <EIRDaily origin="interpolate">0.00000</EIRDaily>
      <EIRDaily origin="regression">0.00000</EIRDaily>
      <EIRDaily origin="interpolate">0.00000</EIRDaily>
      <EIRDaily origin="interpolate">0.00000</EIRDaily>
      <EIRDaily origin="interpolate">0.00000</EIRDaily>
      <EIRDaily origin="interpolate">0.00000</EIRDaily>
      <EIRDaily origin="interpolate">0.00000</EIRDaily>
      <EIRDaily origin="interpolate">0.00000</EIRDaily>
      <EIRDaily origin="interpolate">0.00000</EIRDaily>
      <EIRDaily origin="interpolate">0.00000</EIRDaily>
      <EIRDaily origin="interpolate">0.00000</EIRDaily>
      <EIRDaily origin="interpolate">0.00000</EIRDaily>
      <EIRDaily origin="interpolate">0.00000</EIRDaily>
      <EIRDaily origin="interpolate">0.00000</EIRDaily>
      <EIRDaily origin="interpolate">0.00000</EIRDaily>
      <EIRDaily origin="regression">0.00000</EIRDaily>
      <EIRDaily origin="interpolate">0.00004</EIRDaily>
      <EIRDaily origin="interpolate">0.00009</EIRDaily>
      <EIRDaily origin="interpolate">0.00013</EIRDaily>
      <EIRDaily origin="interpolate">0.00017</EIRDaily>
      <EIRDaily origin="interpolate">0.00021</EIRDaily>
      <EIRDaily origin="interpolate">0.00026</EIRDaily>
      <EIRDaily origin="interpolate">0.00030</EIRDaily>
      <EIRDaily origin="interpolate">0.00034</EIRDaily>
      <EIRDaily origin="interpolate">0.00038</EIRDaily>
      <EIRDaily origin="interpolate">0.00042</EIRDaily>
      <EIRDaily origin="interpolate">0.00047</EIRDaily>
      <EIRDaily origin="interpolate">0.00051</EIRDaily>
      <EIRDaily origin="interpolate">0.00055</EIRDaily>
      <EIRDaily origin="regression">0.00059</EIRDaily>
      <EIRDaily origin="interpolate">0.00737</EIRDaily>
      <EIRDaily origin="interpolate">0.01415</EIRDaily>
      <EIRDaily origin="interpolate">0.02093</EIRDaily>
      <EIRDaily origin="interpolate">0.02772</EIRDaily>
      <EIRDaily origin="interpolate">0.03450</EIRDaily>
      <EIRDaily origin="interpolate">0.04128</EIRDaily>
      <EIRDaily origin="interpolate">0.04806</EIRDaily>
      <EIRDaily origin="interpolate">0.05484</EIRDaily>
      <EIRDaily origin="interpolate">0.06162</EIRDaily>
      <EIRDaily origin="interpolate">0.06840</EIRDaily>
      <EIRDaily origin="interpolate">0.07518</EIRDaily>
      <EIRDaily origin="interpolate">0.08196</EIRDaily>
      <EIRDaily origin="interpolate">0.08874</EIRDaily>
      <EIRDaily origin="regression">0.09552</EIRDaily>
      <EIRDaily origin="interpolate">0.10294</EIRDaily>
      <EIRDaily origin="interpolate">0.11037</EIRDaily>
      <EIRDaily origin="interpolate">0.11779</EIRDaily>
      <EIRDaily origin="interpolate">0.12522</EIRDaily>
      <EIRDaily origin="interpolate">0.13264</EIRDaily>
      <EIRDaily origin="interpolate">0.14007</EIRDaily>
      <EIRDaily origin="interpolate">0.14749</EIRDaily>
      <EIRDaily origin="interpolate">0.15492</EIRDaily>
      <EIRDaily origin="interpolate">0.16234</EIRDaily>
      <EIRDaily origin="interpolate">0.16977</EIRDaily>
      <EIRDaily origin="interpolate">0.17719</EIRDaily>
      <EIRDaily origin="interpolate">0.18462</EIRDaily>
      <EIRDaily origin="interpolate">0.19204</EIRDaily>
      <EIRDaily origin="regression">0.19947</EIRDaily>
      <EIRDaily origin="interpolate">0.20440</EIRDaily>
      <EIRDaily origin="interpolate">0.20934</EIRDaily>
      <EIRDaily origin="interpolate">0.21427</EIRDaily>
      <EIRDaily origin="interpolate">0.21920</EIRDaily>
      <EIRDaily origin="interpolate">0.22414</EIRDaily>
      <EIRDaily origin="interpolate">0.22907</EIRDaily>
      <EIRDaily origin="interpolate">0.23400</EIRDaily>
      <EIRDaily origin="interpolate">0.23894</EIRDaily>
      <EIRDaily origin="interpolate">0.24387</EIRDaily>
      <EIRDaily origin="interpolate">0.24880</EIRDaily>
      <EIRDaily origin="interpolate">0.25374</EIRDaily>
      <EIRDaily origin="interpolate">0.25867</EIRDaily>
      <EIRDaily origin="interpolate">0.26361</EIRDaily>
      <EIRDaily origin="regression">0.26854</EIRDaily>
      <EIRDaily origin="interpolate">0.28076</EIRDaily>
      <EIRDaily origin="interpolate">0.29297</EIRDaily>
      <EIRDaily origin="interpolate">0.30519</EIRDaily>
      <EIRDaily origin="interpolate">0.31741</EIRDaily>
      <EIRDaily origin="interpolate">0.32963</EIRDaily>
      <EIRDaily origin="interpolate">0.34185</EIRDaily>
      <EIRDaily origin="interpolate">0.35407</EIRDaily>
      <EIRDaily origin="interpolate">0.36628</EIRDaily>
      <EIRDaily origin="interpolate">0.37850</EIRDaily>
      <EIRDaily origin="interpolate">0.39072</EIRDaily>
      <EIRDaily origin="interpolate">0.40294</EIRDaily>
      <EIRDaily origin="interpolate">0.41516</EIRDaily>
      <EIRDaily origin="interpolate">0.42737</EIRDaily>
      <EIRDaily origin="regression">0.43959</EIRDaily>
      <EIRDaily origin="interpolate">0.54332</EIRDaily>
      <EIRDaily origin="interpolate">0.64705</EIRDaily>
      <EIRDaily origin="interpolate">0.75077</EIRDaily>
      <EIRDaily origin="interpolate">0.85450</EIRDaily>
      <EIRDaily origin="interpolate">0.95823</EIRDaily>
      <EIRDaily origin="interpolate">1.06196</EIRDaily>
      <EIRDaily origin="interpolate">1.16568</EIRDaily>
      <EIRDaily origin="interpolate">1.26941</EIRDaily>
      <EIRDaily origin="interpolate">1.37314</EIRDaily>
      <EIRDaily origin="interpolate">1.47686</EIRDaily>
      <EIRDaily origin="interpolate">1.58059</EIRDaily>
      <EIRDaily origin="interpolate">1.68432</EIRDaily>
      <EIRDaily origin="interpolate">1.78805</EIRDaily>
      <EIRDaily origin="regression">1.89177</EIRDaily>
      <EIRDaily origin="interpolate">1.79800</EIRDaily>
      <EIRDaily origin="interpolate">1.70422</EIRDaily>
      <EIRDaily origin="interpolate">1.61044</EIRDaily>
      <EIRDaily origin="interpolate">1.51666</EIRDaily>
      <EIRDaily origin="interpolate">1.42288</EIRDaily>
      <EIRDaily origin="interpolate">1.32911</EIRDaily>
      <EIRDaily origin="interpolate">1.23533</EIRDaily>
      <EIRDaily origin="interpolate">1.14155</EIRDaily>
      <EIRDaily origin="interpolate">1.04777</EIRDaily>
      <EIRDaily origin="interpolate">0.95399</EIRDaily>
      <EIRDaily origin="interpolate">0.86022</EIRDaily>
      <EIRDaily origin="interpolate">0.76644</EIRDaily>
      <EIRDaily origin="interpolate">0.67266</EIRDaily>
      <EIRDaily origin="regression">0.57888</EIRDaily>
      <EIRDaily origin="interpolate">0.55988</EIRDaily>
      <EIRDaily origin="interpolate">0.54088</EIRDaily>
      <EIRDaily origin="interpolate">0.52188</EIRDaily>
      <EIRDaily origin="interpolate">0.50288</EIRDaily>
      <EIRDaily origin="interpolate">0.48388</EIRDaily>
      <EIRDaily origin="interpolate">0.46488</EIRDaily>
      <EIRDaily origin="interpolate">0.44588</EIRDaily>
      <EIRDaily origin="interpolate">0.42688</EIRDaily>
      <EIRDaily origin="interpolate">0.40788</EIRDaily>
      <EIRDaily origin="interpolate">0.38888</EIRDaily>
      <EIRDaily origin="interpolate">0.36988</EIRDaily>
      <EIRDaily origin="interpolate">0.35087</EIRDaily>
      <EIRDaily origin="interpolate">0.33187</EIRDaily>
      <EIRDaily origin="regression">0.31287</EIRDaily>
      <EIRDaily origin="interpolate">0.30897</EIRDaily>
      <EIRDaily origin="interpolate">0.30507</EIRDaily>
      <EIRDaily origin="interpolate">0.30117</EIRDaily>
      <EIRDaily origin="interpolate">0.29726</EIRDaily>
      <EIRDaily origin="interpolate">0.29336</EIRDaily>
      <EIRDaily origin="interpolate">0.28946</EIRDaily>
      <EIRDaily origin="interpolate">0.28556</EIRDaily>
      <EIRDaily origin="interpolate">0.28166</EIRDaily>
      <EIRDaily origin="interpolate">0.27775</EIRDaily>
      <EIRDaily origin="interpolate">0.27385</EIRDaily>
      <EIRDaily origin="interpolate">0.26995</EIRDaily>
      <EIRDaily origin="interpolate">0.26605</EIRDaily>
      <EIRDaily origin="interpolate">0.26214</EIRDaily>
      <EIRDaily origin="regression">0.25824</EIRDaily>
      <EIRDaily origin="interpolate">0.26639</EIRDaily>
      <EIRDaily origin="interpolate">0.27454</EIRDaily>
      <EIRDaily origin="interpolate">0.28270</EIRDaily>
      <EIRDaily origin="interpolate">0.29085</EIRDaily>
      <EIRDaily origin="interpolate">0.29900</EIRDaily>
      <EIRDaily origin="interpolate">0.30715</EIRDaily>
      <EIRDaily origin="interpolate">0.31530</EIRDaily>
      <EIRDaily origin="interpolate">0.32345</EIRDaily>
      <EIRDaily origin="interpolate">0.33160</EIRDaily>
      <EIRDaily origin="interpolate">0.33976</EIRDaily>
      <EIRDaily origin="interpolate">0.34791</EIRDaily>
      <EIRDaily origin="interpolate">0.35606</EIRDaily>
      <EIRDaily origin="interpolate">0.36421</EIRDaily>
      <EIRDaily origin="regression">0.37236</EIRDaily>
      <EIRDaily origin="interpolate">0.35955</EIRDaily>
      <EIRDaily origin="interpolate">0.34673</EIRDaily>
      <EIRDaily origin="interpolate">0.33392</EIRDaily>
      <EIRDaily origin="interpolate">0.32110</EIRDaily>
      <EIRDaily origin="interpolate">0.30829</EIRDaily>
      <EIRDaily origin="interpolate">0.29547</EIRDaily>
      <EIRDaily origin="interpolate">0.28266</EIRDaily>
      <EIRDaily origin="interpolate">0.26985</EIRDaily>
      <EIRDaily origin="interpolate">0.25703</EIRDaily>
      <EIRDaily origin="interpolate">0.24422</EIRDaily>
      <EIRDaily origin="interpolate">0.23140</EIRDaily>
      <EIRDaily origin="interpolate">0.21859</EIRDaily>
      <EIRDaily origin="interpolate">0.20577</EIRDaily>
      <EIRDaily origin="interpolate">0.19296</EIRDaily>
      <EIRDaily origin="interpolate">0.18014</EIRDaily>
      <EIRDaily origin="interpolate">0.16733</EIRDaily>
      <EIRDaily origin="interpolate">0.15452</EIRDaily>
      <EIRDaily origin="interpolate">0.14170</EIRDaily>
      <EIRDaily origin="interpolate">0.12889</EIRDaily>
      <EIRDaily origin="interpolate">0.11607</EIRDaily>
      <EIRDaily origin="interpolate">0.10326</EIRDaily>
      <EIRDaily origin="interpolate">0.09044</EIRDaily>
      <EIRDaily origin="interpolate">0.07763</EIRDaily>
      <EIRDaily origin="regression">0.06481</EIRDaily>
      <EIRDaily origin="interpolate">0.06290</EIRDaily>
      <EIRDaily origin="interpolate">0.06098</EIRDaily>
      <EIRDaily origin="interpolate">0.05906</EIRDaily>
      <EIRDaily origin="interpolate">0.05714</EIRDaily>
      <EIRDaily origin="interpolate">0.05522</EIRDaily>
      <EIRDaily origin="interpolate">0.05330</EIRDaily>
      <EIRDaily origin="interpolate">0.05138</EIRDaily>
      <EIRDaily origin="interpolate">0.04946</EIRDaily>
      <EIRDaily origin="interpolate">0.04755</EIRDaily>
      <EIRDaily origin="interpolate">0.04563</EIRDaily>
      <EIRDaily origin="interpolate">0.04371</EIRDaily>
      <EIRDaily origin="interpolate">0.04179</EIRDaily>
      <EIRDaily origin="interpolate">0.03987</EIRDaily>
      <EIRDaily origin="interpolate">0.03795</EIRDaily>
      <EIRDaily origin="interpolate">0.03603</EIRDaily>
      <EIRDaily origin="interpolate">0.03411</EIRDaily>
      <EIRDaily origin="interpolate">0.03220</EIRDaily>
      <EIRDaily origin="interpolate">0.03028</EIRDaily>
      <EIRDaily origin="interpolate">0.02836</EIRDaily>
      <EIRDaily origin="interpolate">0.02644</EIRDaily>
      <EIRDaily origin="interpolate">0.02452</EIRDaily>
      <EIRDaily origin="interpolate">0.02260</EIRDaily>
      <EIRDaily origin="interpolate">0.02068</EIRDaily>
      <EIRDaily origin="interpolate">0.01876</EIRDaily>
      <EIRDaily origin="interpolate">0.01685</EIRDaily>
      <EIRDaily origin="interpolate">0.01493</EIRDaily>
      <EIRDaily origin="interpolate">0.01301</EIRDaily>
      <EIRDaily origin="interpolate">0.01109</EIRDaily>
      <EIRDaily origin="interpolate">0.00917</EIRDaily>
      <EIRDaily origin="interpolate">0.00725</EIRDaily>
      <EIRDaily origin="regression">0.00533</EIRDaily>
      <EIRDaily origin="interpolate">0.00516</EIRDaily>
      <EIRDaily origin="interpolate">0.00500</EIRDaily>
      <EIRDaily origin="interpolate">0.00483</EIRDaily>
      <EIRDaily origin="interpolate">0.00466</EIRDaily>
      <EIRDaily origin="interpolate">0.00449</EIRDaily>
      <EIRDaily origin="interpolate">0.00432</EIRDaily>
      <EIRDaily origin="interpolate">0.00415</EIRDaily>
      <EIRDaily origin="interpolate">0.00398</EIRDaily>
      <EIRDaily origin="interpolate">0.00381</EIRDaily>
      <EIRDaily origin="interpolate">0.00364</EIRDaily>
      <EIRDaily origin="interpolate">0.00347</EIRDaily>
      <EIRDaily origin="interpolate">0.00330</EIRDaily>
      <EIRDaily origin="interpolate">0.00313</EIRDaily>
      <EIRDaily origin="interpolate">0.00296</EIRDaily>
      <EIRDaily origin="interpolate">0.00279</EIRDaily>
      <EIRDaily origin="interpolate">0.00263</EIRDaily>
      <EIRDaily origin="interpolate">0.00246</EIRDaily>
      <EIRDaily origin="interpolate">0.00229</EIRDaily>
      <EIRDaily origin="interpolate">0.00212</EIRDaily>
      <EIRDaily origin="interpolate">0.00195</EIRDaily>
      <EIRDaily origin="interpolate">0.00178</EIRDaily>
      <EIRDaily origin="interpolate">0.00161</EIRDaily>
      <EIRDaily origin="interpolate">0.00144</EIRDaily>
      <EIRDaily origin="interpolate">0.00127</EIRDaily>
      <EIRDaily origin="interpolate">0.00110</EIRDaily>
      <EIRDaily origin="interpolate">0.00093</EIRDaily>
      <EIRDaily origin="interpolate">0.00076</EIRDaily>
      <EIRDaily origin="regression">0.00059</EIRDaily>
      <EIRDaily origin="interpolate">0.00057</EIRDaily>
      <EIRDaily origin="interpolate">0.00055</EIRDaily>
      <EIRDaily origin="interpolate">0.00053</EIRDaily>
      <EIRDaily origin="interpolate">0.00051</EIRDaily>
      <EIRDaily origin="interpolate">0.00049</EIRDaily>
      <EIRDaily origin="interpolate">0.00047</EIRDaily>
      <EIRDaily origin="interpolate">0.00045</EIRDaily>
      <EIRDaily origin="interpolate">0.00042</EIRDaily>
      <EIRDaily origin="interpolate">0.00040</EIRDaily>
      <EIRDaily origin="interpolate">0.00038</EIRDaily>
      <EIRDaily origin="interpolate">0.00036</EIRDaily>
      <EIRDaily origin="interpolate">0.00034</EIRDaily>
      <EIRDaily origin="interpolate">0.00032</EIRDaily>
      <EIRDaily origin="interpolate">0.00030</EIRDaily>
      <EIRDaily origin="interpolate">0.00028</EIRDaily>
      <EIRDaily origin="interpolate">0.00026</EIRDaily>
      <EIRDaily origin="interpolate">0.00023</EIRDaily>
      <EIRDaily origin="interpolate">0.00021</EIRDaily>
      <EIRDaily origin="interpolate">0.00019</EIRDaily>
      <EIRDaily origin="interpolate">0.00017</EIRDaily>
      <EIRDaily origin="interpolate">0.00015</EIRDaily>
      <EIRDaily origin="interpolate">0.00013</EIRDaily>
      <EIRDaily origin="interpolate">0.00011</EIRDaily>
      <EIRDaily origin="interpolate">0.00009</EIRDaily>
      <EIRDaily origin="interpolate">0.00006</EIRDaily>
      <EIRDaily origin="interpolate">0.00004</EIRDaily>
      <EIRDaily origin="interpolate">0.00002</EIRDaily>
      <EIRDaily origin="regression">0.00000</EIRDaily>
      <EIRDaily origin="interpolate">0.00000</EIRDaily>
      <EIRDaily origin="interpolate">0.00000</EIRDaily>
      <EIRDaily origin="interpolate">0.00000</EIRDaily>
      <EIRDaily origin="interpolate">0.00000</EIRDaily>
      <EIRDaily origin="interpolate">0.00000</EIRDaily>
      <EIRDaily origin="interpolate">0.00000</EIRDaily>
      <EIRDaily origin="interpolate">0.00000</EIRDaily>
      <EIRDaily origin="interpolate">0.00000</EIRDaily>
      <EIRDaily origin="interpolate">0.00000</EIRDaily>
      <EIRDaily origin="interpolate">0.00000</EIRDaily>
      <EIRDaily origin="interpolate">0.00000</EIRDaily>
      <EIRDaily origin="interpolate">0.00000</EIRDaily>
      <EIRDaily origin="interpolate">0.00000</EIRDaily>
      <EIRDaily origin="interpolate">0.00000</EIRDaily>
      <EIRDaily origin="interpolate">0.00000</EIRDaily>
      <EIRDaily origin="interpolate">0.00000</EIRDaily>
      <EIRDaily origin="interpolate">0.00000</EIRDaily>
      <EIRDaily origin="interpolate">0.00000</EIRDaily>
      <EIRDaily origin="interpolate">0.00000</EIRDaily>
      <EIRDaily origin="interpolate">0.00000</EIRDaily>
      <EIRDaily origin="interpolate">0.00000</EIRDaily>
      <EIRDaily origin="interpolate">0.00000</EIRDaily>
      <EIRDaily origin="interpolate">0.00000</EIRDaily>
      <EIRDaily origin="interpolate">0.00000</EIRDaily>
      <EIRDaily origin="interpolate">0.00000</EIRDaily>
      <EIRDaily origin="interpolate">0.00000</EIRDaily>
      <EIRDaily origin="interpolate">0.00000</EIRDaily>
      <EIRDaily origin="regression">0.00000</EIRDaily>
      <EIRDaily origin="interpolate">0.00009</EIRDaily>
      <EIRDaily origin="interpolate">0.00017</EIRDaily>
      <EIRDaily origin="interpolate">0.00025</EIRDaily>
      <EIRDaily origin="interpolate">0.00034</EIRDaily>
      <EIRDaily origin="interpolate">0.00042</EIRDaily>
      <EIRDaily origin="interpolate">0.00051</EIRDaily>
      <EIRDaily origin="interpolate">0.00059</EIRDaily>
      <EIRDaily origin="interpolate">0.00067</EIRDaily>
      <EIRDaily origin="interpolate">0.00076</EIRDaily>
      <EIRDaily origin="interpolate">0.00084</EIRDaily>
      <EIRDaily origin="interpolate">0.00093</EIRDaily>
      <EIRDaily origin="interpolate">0.00101</EIRDaily>
      <EIRDaily origin="interpolate">0.00109</EIRDaily>
      <EIRDaily origin="interpolate">0.00118</EIRDaily>
      <EIRDaily origin="interpolate">0.00126</EIRDaily>
      <EIRDaily origin="interpolate">0.00135</EIRDaily>
      <EIRDaily origin="interpolate">0.00143</EIRDaily>
      <EIRDaily origin="interpolate">0.00152</EIRDaily>
      <EIRDaily origin="interpolate">0.00160</EIRDaily>
      <EIRDaily origin="interpolate">0.00168</EIRDaily>
      <EIRDaily origin="interpolate">0.00177</EIRDaily>
      <EIRDaily origin="interpolate">0.00185</EIRDaily>
      <EIRDaily origin="interpolate">0.00194</EIRDaily>
      <EIRDaily origin="interpolate">0.00202</EIRDaily>
      <EIRDaily origin="interpolate">0.00210</EIRDaily>
      <EIRDaily origin="interpolate">0.00219</EIRDaily>
      <EIRDaily origin="interpolate">0.00227</EIRDaily>
      <EIRDaily origin="regression">0.00236</EIRDaily>
      <EIRDaily origin="interpolate">0.00227</EIRDaily>
    </nonVector>
  </entoData>
  <model>
    <ModelOptions>
      <option name="COMORB_HET" value="true"/>
      <option name="GARKI_DENSITY_BIAS" value="true"/>
      <option name="MAX_DENS_CORRECTION" value="false"/>
    </ModelOptions>
    <clinical healthSystemMemory="6"/>
    <parameters interval="5" iseed="1" latentp="3">
      <parameter include="false" name="'-ln(1-Sinf)'" number="1" value="0.0507360000000001"/>
      <parameter include="false" name="Estar" number="2" value="0.03247"/>
      <parameter include="false" name="Simm" number="3" value="0.138161050830301"/>
      <parameter include="false" name="Xstar_p" number="4" value="1514.3858532337"/>
      <parameter include="false" name="gamma_p" number="5" value="2.03692533424484"/>
      <parameter include="false" name="sigma2i" number="6" value="10.1735986985258"/>
      <parameter include="false" name="CumulativeYstar" number="7" value="35158523.3113251"/>
      <parameter include="false" name="CumulativeHstar" number="8" value="97.3346527238977"/>
      <parameter include="false" name="'-ln(1-alpha_m)'" number="9" value="2.33031045876193"/>
      <parameter include="false" name="decay_m" number="10" value="2.53106547375805"/>
      <parameter include="false" name="sigma2_0" number="11" value="0.655747311168152"/>
      <parameter include="false" name="Xstar_v" number="12" value="0.916181104713054"/>
      <parameter include="false" name="Ystar2" number="13" value="6502.26335600001"/>
      <parameter include="false" name="alpha" number="14" value="142601.91252"/>
      <parameter include="false" name="Density bias (non Garki)" number="15" value="0.177378570987455"/>
      <parameter include="false" name="No Use 1" number="16" value="1"/>
      <parameter include="false" name="log oddsr CF community" number="17" value="0.736202"/>
      <parameter include="false" name="Indirect risk cofactor" number="18" value="0.018777338"/>
      <parameter include="false" name="Non-malaria infant mortality" number="19" value="49.5390466"/>
      <parameter include="false" name="Density bias (Garki)" number="20" value="4.79610772546704"/>
      <parameter include="false" name="Severe Malaria Threshhold" number="21" value="784455.6"/>
      <parameter include="false" name="Immunity Penalty" number="22" value="1"/>
      <parameter include="false" name="Immune effector decay" number="23" value="0"/>
      <parameter include="false" name="comorbidity intercept" number="24" value="0.0968"/>
      <parameter include="false" name="Ystar half life" number="25" value="0.275437402"/>
      <parameter include="false" name="Ystar1" number="26" value="0.596539864"/>
      <parameter include="false" name="Asexual immunity decay" number="27" value="0"/>
      <parameter include="false" name="Ystar0" number="28" value="296.3024379"/>
      <parameter include="false" name="Idete multiplier" number="29" value="2.797523626"/>
      <parameter include="false" name="critical age for comorbidity" number="30" value="0.117383"/>
    </parameters>
  </model>
</scenario>
