<?xml version="1.0" encoding="UTF-8" standalone="no"?>
<scenario xmlns:xsi="http://www.w3.org/2001/XMLSchema-instance" analysisNo="233" assimMode="0" name="Do" schemaVersion="23" wuID="536305339" xsi:noNamespaceSchemaLocation="scenario.xsd">
  <demography maximumAgeYrs="90" name="Ifakara" popSize="100">
    <ageGroup lowerbound="0.0">
      <group poppercent="3.474714994" upperbound="1"/>
      <group poppercent="12.76004028" upperbound="5"/>
      <group poppercent="14.52151394" upperbound="10"/>
      <group poppercent="12.75565434" upperbound="15"/>
      <group poppercent="10.83632374" upperbound="20"/>
      <group poppercent="8.393312454" upperbound="25"/>
      <group poppercent="7.001421452" upperbound="30"/>
      <group poppercent="5.800587654" upperbound="35"/>
      <group poppercent="5.102136612" upperbound="40"/>
      <group poppercent="4.182561874" upperbound="45"/>
      <group poppercent="3.339409351" upperbound="50"/>
      <group poppercent="2.986112356" upperbound="55"/>
      <group poppercent="2.555766582" upperbound="60"/>
      <group poppercent="2.332763433" upperbound="65"/>
      <group poppercent="1.77400255" upperbound="70"/>
      <group poppercent="1.008525491" upperbound="75"/>
      <group poppercent="0.74167341" upperbound="80"/>
      <group poppercent="0.271863401" upperbound="85"/>
      <group poppercent="0.161614642" upperbound="90"/>
    </ageGroup>
  </demography>
  <monitoring name="NDmo">
    <SurveyOptions>
      <option name="nHost" value="true"/>
      <option name="nUncomp" value="true"/>
      <option name="nSevere" value="true"/>
    </SurveyOptions>
    <surveys detectionLimit="2.5">
      <surveyTime>91</surveyTime>
      <surveyTime>1916</surveyTime>
    </surveys>
    <ageGroup lowerbound="0.0">
      <group upperbound="1"/>
      <group upperbound="2"/>
      <group upperbound="3"/>
      <group upperbound="4"/>
      <group upperbound="5"/>
      <group upperbound="6"/>
      <group upperbound="7"/>
      <group upperbound="8"/>
      <group upperbound="9"/>
      <group upperbound="10"/>
      <group upperbound="11"/>
      <group upperbound="12"/>
      <group upperbound="13"/>
      <group upperbound="14"/>
      <group upperbound="15"/>
      <group upperbound="20"/>
      <group upperbound="25"/>
      <group upperbound="30"/>
      <group upperbound="40"/>
      <group upperbound="50"/>
      <group upperbound="60"/>
      <group upperbound="99"/>
    </ageGroup>
  </monitoring>
  <interventions name="Change to monitoring HS">
    <descriptions/>
    <timed>
      <intervention time="91">
        <changeHS>
          <EventScheduler>
            <uncomplicated>
              <decisions>
                <decision depends="" name="treatment" values="effective_treat,none">effective_treat</decision>
                <decision depends="" name="test" values="none,microscopy,RDT">none</decision>
              </decisions>
              <treatments>
                <treatment name="effective_treat">
                  <schedule>
                    <medicate drug="effective" hour="0" mg="1"/>
                  </schedule>
                </treatment>
                <treatment name="none">
                  <schedule/>
                </treatment>
              </treatments>
            </uncomplicated>
            <complicated>
              <decisions>
                <decision depends="" name="treatment" values="effective_treat,none">effective_treat</decision>
                <decision depends="" name="hospitalisation" values="none,delayed,immediate">immediate</decision>
                <decision depends="" name="test" values="none,microscopy,RDT">none</decision>
              </decisions>
              <treatments>
                <treatment name="effective_treat">
                  <schedule>
                    <medicate drug="effective" hour="0" mg="1"/>
                  </schedule>
                </treatment>
                <treatment name="none">
                  <schedule/>
                </treatment>
              </treatments>
            </complicated>
            <ClinicalOutcomes>
              <maxUCSeekingMemory>3</maxUCSeekingMemory>
              <uncomplicatedCaseDuration>3</uncomplicatedCaseDuration>
              <complicatedCaseDuration>5</complicatedCaseDuration>
              <complicatedRiskDuration>5</complicatedRiskDuration>
              <pImmediateUC>1</pImmediateUC>
            </ClinicalOutcomes>
          </EventScheduler>
          <CFR>
            <group lowerbound="0" value="0.09189"/>
            <group lowerbound="0.25" value="0.0810811"/>
            <group lowerbound="0.75" value="0.0648649"/>
            <group lowerbound="1.5" value="0.0689189"/>
            <group lowerbound="2.5" value="0.0675676"/>
            <group lowerbound="3.5" value="0.0297297"/>
            <group lowerbound="4.5" value="0.0459459"/>
            <group lowerbound="7.5" value="0.0945946"/>
            <group lowerbound="12.5" value="0.1243243"/>
            <group lowerbound="15" value="0.1378378"/>
          </CFR>
          <pSequelaeInpatient>
            <group lowerbound="0.0" value="0.0132"/>
            <group lowerbound="5.0" value="0.005"/>
          </pSequelaeInpatient>
        </changeHS>
      </intervention>
    </timed>
  </interventions>
  <healthSystem>
    <EventScheduler>
      <uncomplicated>
        <decisions>
          <decision depends="" name="treatment" values="effective_treat,none">none</decision>
          <decision depends="" name="test" values="none,microscopy,RDT">none</decision>
        </decisions>
        <treatments>
          <treatment name="effective_treat">
            <schedule>
              <medicate drug="effective" hour="0" mg="1"/>
            </schedule>
          </treatment>
          <treatment name="none">
            <schedule/>
          </treatment>
        </treatments>
      </uncomplicated>
      <complicated>
        <decisions>
          <decision depends="" name="treatment" values="effective_treat,none">none</decision>
          <decision depends="" name="hospitalisation" values="none,delayed,immediate">none</decision>
          <decision depends="" name="test" values="none,microscopy,RDT">none</decision>
        </decisions>
        <treatments>
          <treatment name="effective_treat">
            <schedule>
              <medicate drug="effective" hour="0" mg="1"/>
            </schedule>
          </treatment>
          <treatment name="none">
            <schedule/>
          </treatment>
        </treatments>
      </complicated>
      <ClinicalOutcomes>
        <maxUCSeekingMemory>3</maxUCSeekingMemory>
        <uncomplicatedCaseDuration>3</uncomplicatedCaseDuration>
        <complicatedCaseDuration>5</complicatedCaseDuration>
        <complicatedRiskDuration>5</complicatedRiskDuration>
        <pImmediateUC>1</pImmediateUC>
      </ClinicalOutcomes>
    </EventScheduler>
    <CFR>
      <group lowerbound="0" value="0"/>
    </CFR>
    <pSequelaeInpatient>
      <group lowerbound="0.0" value="0.0132"/>
      <group lowerbound="5.0" value="0.005"/>
    </pSequelaeInpatient>
  </healthSystem>
  <entoData mode="4" name="Do">
    <!-- starts 1st Mar-->
    <nonVector eipDuration="10">
      <EIRDaily origin="monthly">0.0738</EIRDaily>
      <EIRDaily origin="monthly">0.0738</EIRDaily>
      <EIRDaily origin="monthly">0.0738</EIRDaily>
      <EIRDaily origin="monthly">0.0738</EIRDaily>
      <EIRDaily origin="monthly">0.0738</EIRDaily>
      <EIRDaily origin="monthly">0.0738</EIRDaily>
      <EIRDaily origin="monthly">0.0738</EIRDaily>
      <EIRDaily origin="monthly">0.0738</EIRDaily>
      <EIRDaily origin="monthly">0.0738</EIRDaily>
      <EIRDaily origin="monthly">0.0738</EIRDaily>
      <EIRDaily origin="monthly">0.0738</EIRDaily>
      <EIRDaily origin="monthly">0.0738</EIRDaily>
      <EIRDaily origin="monthly">0.0738</EIRDaily>
      <EIRDaily origin="monthly">0.0738</EIRDaily>
      <EIRDaily origin="monthly">0.0738</EIRDaily>
      <EIRDaily origin="monthly">0.0738</EIRDaily>
      <EIRDaily origin="monthly">0.0738</EIRDaily>
      <EIRDaily origin="monthly">0.0738</EIRDaily>
      <EIRDaily origin="monthly">0.0738</EIRDaily>
      <EIRDaily origin="monthly">0.0738</EIRDaily>
      <EIRDaily origin="monthly">0.0738</EIRDaily>
      <EIRDaily origin="monthly">0.0738</EIRDaily>
      <EIRDaily origin="monthly">0.0738</EIRDaily>
      <EIRDaily origin="monthly">0.0738</EIRDaily>
      <EIRDaily origin="monthly">0.0738</EIRDaily>
      <EIRDaily origin="monthly">0.0738</EIRDaily>
      <EIRDaily origin="monthly">0.0738</EIRDaily>
      <EIRDaily origin="monthly">0.0738</EIRDaily>
      <EIRDaily origin="monthly">0.0738</EIRDaily>
      <EIRDaily origin="monthly">0.0738</EIRDaily>
      <EIRDaily origin="monthly">0.0738</EIRDaily>
      <EIRDaily origin="monthly">0.3136</EIRDaily>
      <EIRDaily origin="monthly">0.3136</EIRDaily>
      <EIRDaily origin="monthly">0.3136</EIRDaily>
      <EIRDaily origin="monthly">0.3136</EIRDaily>
      <EIRDaily origin="monthly">0.3136</EIRDaily>
      <EIRDaily origin="monthly">0.3136</EIRDaily>
      <EIRDaily origin="monthly">0.3136</EIRDaily>
      <EIRDaily origin="monthly">0.3136</EIRDaily>
      <EIRDaily origin="monthly">0.3136</EIRDaily>
      <EIRDaily origin="monthly">0.3136</EIRDaily>
      <EIRDaily origin="monthly">0.3136</EIRDaily>
      <EIRDaily origin="monthly">0.3136</EIRDaily>
      <EIRDaily origin="monthly">0.3136</EIRDaily>
      <EIRDaily origin="monthly">0.3136</EIRDaily>
      <EIRDaily origin="monthly">0.3136</EIRDaily>
      <EIRDaily origin="monthly">0.3136</EIRDaily>
      <EIRDaily origin="monthly">0.3136</EIRDaily>
      <EIRDaily origin="monthly">0.3136</EIRDaily>
      <EIRDaily origin="monthly">0.3136</EIRDaily>
      <EIRDaily origin="monthly">0.3136</EIRDaily>
      <EIRDaily origin="monthly">0.3136</EIRDaily>
      <EIRDaily origin="monthly">0.3136</EIRDaily>
      <EIRDaily origin="monthly">0.3136</EIRDaily>
      <EIRDaily origin="monthly">0.3136</EIRDaily>
      <EIRDaily origin="monthly">0.3136</EIRDaily>
      <EIRDaily origin="monthly">0.3136</EIRDaily>
      <EIRDaily origin="monthly">0.3136</EIRDaily>
      <EIRDaily origin="monthly">0.3136</EIRDaily>
      <EIRDaily origin="monthly">0.3136</EIRDaily>
      <EIRDaily origin="monthly">0.3136</EIRDaily>
      <EIRDaily origin="monthly">0.2767</EIRDaily>
      <EIRDaily origin="monthly">0.2767</EIRDaily>
      <EIRDaily origin="monthly">0.2767</EIRDaily>
      <EIRDaily origin="monthly">0.2767</EIRDaily>
      <EIRDaily origin="monthly">0.2767</EIRDaily>
      <EIRDaily origin="monthly">0.2767</EIRDaily>
      <EIRDaily origin="monthly">0.2767</EIRDaily>
      <EIRDaily origin="monthly">0.2767</EIRDaily>
      <EIRDaily origin="monthly">0.2767</EIRDaily>
      <EIRDaily origin="monthly">0.2767</EIRDaily>
      <EIRDaily origin="monthly">0.2767</EIRDaily>
      <EIRDaily origin="monthly">0.2767</EIRDaily>
      <EIRDaily origin="monthly">0.2767</EIRDaily>
      <EIRDaily origin="monthly">0.2767</EIRDaily>
      <EIRDaily origin="monthly">0.2767</EIRDaily>
      <EIRDaily origin="monthly">0.2767</EIRDaily>
      <EIRDaily origin="monthly">0.2767</EIRDaily>
      <EIRDaily origin="monthly">0.2767</EIRDaily>
      <EIRDaily origin="monthly">0.2767</EIRDaily>
      <EIRDaily origin="monthly">0.2767</EIRDaily>
      <EIRDaily origin="monthly">0.2767</EIRDaily>
      <EIRDaily origin="monthly">0.2767</EIRDaily>
      <EIRDaily origin="monthly">0.2767</EIRDaily>
      <EIRDaily origin="monthly">0.2767</EIRDaily>
      <EIRDaily origin="monthly">0.2767</EIRDaily>
      <EIRDaily origin="monthly">0.2767</EIRDaily>
      <EIRDaily origin="monthly">0.2767</EIRDaily>
      <EIRDaily origin="monthly">0.2767</EIRDaily>
      <EIRDaily origin="monthly">0.2767</EIRDaily>
      <EIRDaily origin="monthly">0.2767</EIRDaily>
      <EIRDaily origin="monthly">0.9038</EIRDaily>
      <EIRDaily origin="monthly">0.9038</EIRDaily>
      <EIRDaily origin="monthly">0.9038</EIRDaily>
      <EIRDaily origin="monthly">0.9038</EIRDaily>
      <EIRDaily origin="monthly">0.9038</EIRDaily>
      <EIRDaily origin="monthly">0.9038</EIRDaily>
      <EIRDaily origin="monthly">0.9038</EIRDaily>
      <EIRDaily origin="monthly">0.9038</EIRDaily>
      <EIRDaily origin="monthly">0.9038</EIRDaily>
      <EIRDaily origin="monthly">0.9038</EIRDaily>
      <EIRDaily origin="monthly">0.9038</EIRDaily>
      <EIRDaily origin="monthly">0.9038</EIRDaily>
      <EIRDaily origin="monthly">0.9038</EIRDaily>
      <EIRDaily origin="monthly">0.9038</EIRDaily>
      <EIRDaily origin="monthly">0.9038</EIRDaily>
      <EIRDaily origin="monthly">0.9038</EIRDaily>
      <EIRDaily origin="monthly">0.9038</EIRDaily>
      <EIRDaily origin="monthly">0.9038</EIRDaily>
      <EIRDaily origin="monthly">0.9038</EIRDaily>
      <EIRDaily origin="monthly">0.9038</EIRDaily>
      <EIRDaily origin="monthly">0.9038</EIRDaily>
      <EIRDaily origin="monthly">0.9038</EIRDaily>
      <EIRDaily origin="monthly">0.9038</EIRDaily>
      <EIRDaily origin="monthly">0.9038</EIRDaily>
      <EIRDaily origin="monthly">0.9038</EIRDaily>
      <EIRDaily origin="monthly">0.9038</EIRDaily>
      <EIRDaily origin="monthly">0.9038</EIRDaily>
      <EIRDaily origin="monthly">0.9038</EIRDaily>
      <EIRDaily origin="monthly">0.9038</EIRDaily>
      <EIRDaily origin="monthly">0.9038</EIRDaily>
      <EIRDaily origin="monthly">0.9038</EIRDaily>
      <EIRDaily origin="monthly">0.3874</EIRDaily>
      <EIRDaily origin="monthly">0.3874</EIRDaily>
      <EIRDaily origin="monthly">0.3874</EIRDaily>
      <EIRDaily origin="monthly">0.3874</EIRDaily>
      <EIRDaily origin="monthly">0.3874</EIRDaily>
      <EIRDaily origin="monthly">0.3874</EIRDaily>
      <EIRDaily origin="monthly">0.3874</EIRDaily>
      <EIRDaily origin="monthly">0.3874</EIRDaily>
      <EIRDaily origin="monthly">0.3874</EIRDaily>
      <EIRDaily origin="monthly">0.3874</EIRDaily>
      <EIRDaily origin="monthly">0.3874</EIRDaily>
      <EIRDaily origin="monthly">0.3874</EIRDaily>
      <EIRDaily origin="monthly">0.3874</EIRDaily>
      <EIRDaily origin="monthly">0.3874</EIRDaily>
      <EIRDaily origin="monthly">0.3874</EIRDaily>
      <EIRDaily origin="monthly">0.3874</EIRDaily>
      <EIRDaily origin="monthly">0.3874</EIRDaily>
      <EIRDaily origin="monthly">0.3874</EIRDaily>
      <EIRDaily origin="monthly">0.3874</EIRDaily>
      <EIRDaily origin="monthly">0.3874</EIRDaily>
      <EIRDaily origin="monthly">0.3874</EIRDaily>
      <EIRDaily origin="monthly">0.3874</EIRDaily>
      <EIRDaily origin="monthly">0.3874</EIRDaily>
      <EIRDaily origin="monthly">0.3874</EIRDaily>
      <EIRDaily origin="monthly">0.3874</EIRDaily>
      <EIRDaily origin="monthly">0.3874</EIRDaily>
      <EIRDaily origin="monthly">0.3874</EIRDaily>
      <EIRDaily origin="monthly">0.3874</EIRDaily>
      <EIRDaily origin="monthly">0.3874</EIRDaily>
      <EIRDaily origin="monthly">0.3874</EIRDaily>
      <EIRDaily origin="monthly">0.8485</EIRDaily>
      <EIRDaily origin="monthly">0.8485</EIRDaily>
      <EIRDaily origin="monthly">0.8485</EIRDaily>
      <EIRDaily origin="monthly">0.8485</EIRDaily>
      <EIRDaily origin="monthly">0.8485</EIRDaily>
      <EIRDaily origin="monthly">0.8485</EIRDaily>
      <EIRDaily origin="monthly">0.8485</EIRDaily>
      <EIRDaily origin="monthly">0.8485</EIRDaily>
      <EIRDaily origin="monthly">0.8485</EIRDaily>
      <EIRDaily origin="monthly">0.8485</EIRDaily>
      <EIRDaily origin="monthly">0.8485</EIRDaily>
      <EIRDaily origin="monthly">0.8485</EIRDaily>
      <EIRDaily origin="monthly">0.8485</EIRDaily>
      <EIRDaily origin="monthly">0.8485</EIRDaily>
      <EIRDaily origin="monthly">0.8485</EIRDaily>
      <EIRDaily origin="monthly">0.8485</EIRDaily>
      <EIRDaily origin="monthly">0.8485</EIRDaily>
      <EIRDaily origin="monthly">0.8485</EIRDaily>
      <EIRDaily origin="monthly">0.8485</EIRDaily>
      <EIRDaily origin="monthly">0.8485</EIRDaily>
      <EIRDaily origin="monthly">0.8485</EIRDaily>
      <EIRDaily origin="monthly">0.8485</EIRDaily>
      <EIRDaily origin="monthly">0.8485</EIRDaily>
      <EIRDaily origin="monthly">0.8485</EIRDaily>
      <EIRDaily origin="monthly">0.8485</EIRDaily>
      <EIRDaily origin="monthly">0.8485</EIRDaily>
      <EIRDaily origin="monthly">0.8485</EIRDaily>
      <EIRDaily origin="monthly">0.8485</EIRDaily>
      <EIRDaily origin="monthly">0.8485</EIRDaily>
      <EIRDaily origin="monthly">0.8485</EIRDaily>
      <EIRDaily origin="monthly">0.8485</EIRDaily>
      <EIRDaily origin="monthly">0.3505</EIRDaily>
      <EIRDaily origin="monthly">0.3505</EIRDaily>
      <EIRDaily origin="monthly">0.3505</EIRDaily>
      <EIRDaily origin="monthly">0.3505</EIRDaily>
      <EIRDaily origin="monthly">0.3505</EIRDaily>
      <EIRDaily origin="monthly">0.3505</EIRDaily>
      <EIRDaily origin="monthly">0.3505</EIRDaily>
      <EIRDaily origin="monthly">0.3505</EIRDaily>
      <EIRDaily origin="monthly">0.3505</EIRDaily>
      <EIRDaily origin="monthly">0.3505</EIRDaily>
      <EIRDaily origin="monthly">0.3505</EIRDaily>
      <EIRDaily origin="monthly">0.3505</EIRDaily>
      <EIRDaily origin="monthly">0.3505</EIRDaily>
      <EIRDaily origin="monthly">0.3505</EIRDaily>
      <EIRDaily origin="monthly">0.3505</EIRDaily>
      <EIRDaily origin="monthly">0.3505</EIRDaily>
      <EIRDaily origin="monthly">0.3505</EIRDaily>
      <EIRDaily origin="monthly">0.3505</EIRDaily>
      <EIRDaily origin="monthly">0.3505</EIRDaily>
      <EIRDaily origin="monthly">0.3505</EIRDaily>
      <EIRDaily origin="monthly">0.3505</EIRDaily>
      <EIRDaily origin="monthly">0.3505</EIRDaily>
      <EIRDaily origin="monthly">0.3505</EIRDaily>
      <EIRDaily origin="monthly">0.3505</EIRDaily>
      <EIRDaily origin="monthly">0.3505</EIRDaily>
      <EIRDaily origin="monthly">0.3505</EIRDaily>
      <EIRDaily origin="monthly">0.3505</EIRDaily>
      <EIRDaily origin="monthly">0.3505</EIRDaily>
      <EIRDaily origin="monthly">0.3505</EIRDaily>
      <EIRDaily origin="monthly">0.3505</EIRDaily>
      <EIRDaily origin="monthly">0.1476</EIRDaily>
      <EIRDaily origin="monthly">0.1476</EIRDaily>
      <EIRDaily origin="monthly">0.1476</EIRDaily>
      <EIRDaily origin="monthly">0.1476</EIRDaily>
      <EIRDaily origin="monthly">0.1476</EIRDaily>
      <EIRDaily origin="monthly">0.1476</EIRDaily>
      <EIRDaily origin="monthly">0.1476</EIRDaily>
      <EIRDaily origin="monthly">0.1476</EIRDaily>
      <EIRDaily origin="monthly">0.1476</EIRDaily>
      <EIRDaily origin="monthly">0.1476</EIRDaily>
      <EIRDaily origin="monthly">0.1476</EIRDaily>
      <EIRDaily origin="monthly">0.1476</EIRDaily>
      <EIRDaily origin="monthly">0.1476</EIRDaily>
      <EIRDaily origin="monthly">0.1476</EIRDaily>
      <EIRDaily origin="monthly">0.1476</EIRDaily>
      <EIRDaily origin="monthly">0.1476</EIRDaily>
      <EIRDaily origin="monthly">0.1476</EIRDaily>
      <EIRDaily origin="monthly">0.1476</EIRDaily>
      <EIRDaily origin="monthly">0.1476</EIRDaily>
      <EIRDaily origin="monthly">0.1476</EIRDaily>
      <EIRDaily origin="monthly">0.1476</EIRDaily>
      <EIRDaily origin="monthly">0.1476</EIRDaily>
      <EIRDaily origin="monthly">0.1476</EIRDaily>
      <EIRDaily origin="monthly">0.1476</EIRDaily>
      <EIRDaily origin="monthly">0.1476</EIRDaily>
      <EIRDaily origin="monthly">0.1476</EIRDaily>
      <EIRDaily origin="monthly">0.1476</EIRDaily>
      <EIRDaily origin="monthly">0.1476</EIRDaily>
      <EIRDaily origin="monthly">0.1476</EIRDaily>
      <EIRDaily origin="monthly">0.1476</EIRDaily>
      <EIRDaily origin="monthly">0.0369</EIRDaily>
      <EIRDaily origin="monthly">0.0369</EIRDaily>
      <EIRDaily origin="monthly">0.0369</EIRDaily>
      <EIRDaily origin="monthly">0.0369</EIRDaily>
      <EIRDaily origin="monthly">0.0369</EIRDaily>
      <EIRDaily origin="monthly">0.0369</EIRDaily>
      <EIRDaily origin="monthly">0.0369</EIRDaily>
      <EIRDaily origin="monthly">0.0369</EIRDaily>
      <EIRDaily origin="monthly">0.0369</EIRDaily>
      <EIRDaily origin="monthly">0.0369</EIRDaily>
      <EIRDaily origin="monthly">0.0369</EIRDaily>
      <EIRDaily origin="monthly">0.0369</EIRDaily>
      <EIRDaily origin="monthly">0.0369</EIRDaily>
      <EIRDaily origin="monthly">0.0369</EIRDaily>
      <EIRDaily origin="monthly">0.0369</EIRDaily>
      <EIRDaily origin="monthly">0.0369</EIRDaily>
      <EIRDaily origin="monthly">0.0369</EIRDaily>
      <EIRDaily origin="monthly">0.0369</EIRDaily>
      <EIRDaily origin="monthly">0.0369</EIRDaily>
      <EIRDaily origin="monthly">0.0369</EIRDaily>
      <EIRDaily origin="monthly">0.0369</EIRDaily>
      <EIRDaily origin="monthly">0.0369</EIRDaily>
      <EIRDaily origin="monthly">0.0369</EIRDaily>
      <EIRDaily origin="monthly">0.0369</EIRDaily>
      <EIRDaily origin="monthly">0.0369</EIRDaily>
      <EIRDaily origin="monthly">0.0369</EIRDaily>
      <EIRDaily origin="monthly">0.0369</EIRDaily>
      <EIRDaily origin="monthly">0.0369</EIRDaily>
      <EIRDaily origin="monthly">0.0369</EIRDaily>
      <EIRDaily origin="monthly">0.0369</EIRDaily>
      <EIRDaily origin="monthly">0.0369</EIRDaily>
      <EIRDaily origin="monthly">0.0922</EIRDaily>
      <EIRDaily origin="monthly">0.0922</EIRDaily>
      <EIRDaily origin="monthly">0.0922</EIRDaily>
      <EIRDaily origin="monthly">0.0922</EIRDaily>
      <EIRDaily origin="monthly">0.0922</EIRDaily>
      <EIRDaily origin="monthly">0.0922</EIRDaily>
      <EIRDaily origin="monthly">0.0922</EIRDaily>
      <EIRDaily origin="monthly">0.0922</EIRDaily>
      <EIRDaily origin="monthly">0.0922</EIRDaily>
      <EIRDaily origin="monthly">0.0922</EIRDaily>
      <EIRDaily origin="monthly">0.0922</EIRDaily>
      <EIRDaily origin="monthly">0.0922</EIRDaily>
      <EIRDaily origin="monthly">0.0922</EIRDaily>
      <EIRDaily origin="monthly">0.0922</EIRDaily>
      <EIRDaily origin="monthly">0.0922</EIRDaily>
      <EIRDaily origin="monthly">0.0922</EIRDaily>
      <EIRDaily origin="monthly">0.0922</EIRDaily>
      <EIRDaily origin="monthly">0.0922</EIRDaily>
      <EIRDaily origin="monthly">0.0922</EIRDaily>
      <EIRDaily origin="monthly">0.0922</EIRDaily>
      <EIRDaily origin="monthly">0.0922</EIRDaily>
      <EIRDaily origin="monthly">0.0922</EIRDaily>
      <EIRDaily origin="monthly">0.0922</EIRDaily>
      <EIRDaily origin="monthly">0.0922</EIRDaily>
      <EIRDaily origin="monthly">0.0922</EIRDaily>
      <EIRDaily origin="monthly">0.0922</EIRDaily>
      <EIRDaily origin="monthly">0.0922</EIRDaily>
      <EIRDaily origin="monthly">0.0922</EIRDaily>
      <EIRDaily origin="monthly">0.0922</EIRDaily>
      <EIRDaily origin="monthly">0.0922</EIRDaily>
      <EIRDaily origin="monthly">0.0922</EIRDaily>
      <EIRDaily origin="monthly">0.0922</EIRDaily>
      <EIRDaily origin="monthly">0.0922</EIRDaily>
      <EIRDaily origin="monthly">0.0922</EIRDaily>
      <EIRDaily origin="monthly">0.0922</EIRDaily>
      <EIRDaily origin="monthly">0.0922</EIRDaily>
      <EIRDaily origin="monthly">0.0922</EIRDaily>
      <EIRDaily origin="monthly">0.0922</EIRDaily>
      <EIRDaily origin="monthly">0.0922</EIRDaily>
      <EIRDaily origin="monthly">0.0922</EIRDaily>
      <EIRDaily origin="monthly">0.0922</EIRDaily>
      <EIRDaily origin="monthly">0.0922</EIRDaily>
      <EIRDaily origin="monthly">0.0922</EIRDaily>
      <EIRDaily origin="monthly">0.0922</EIRDaily>
      <EIRDaily origin="monthly">0.0922</EIRDaily>
      <EIRDaily origin="monthly">0.0922</EIRDaily>
      <EIRDaily origin="monthly">0.0922</EIRDaily>
      <EIRDaily origin="monthly">0.0922</EIRDaily>
      <EIRDaily origin="monthly">0.0922</EIRDaily>
      <EIRDaily origin="monthly">0.0922</EIRDaily>
      <EIRDaily origin="monthly">0.0922</EIRDaily>
      <EIRDaily origin="monthly">0.0922</EIRDaily>
      <EIRDaily origin="monthly">0.0922</EIRDaily>
      <EIRDaily origin="monthly">0.0922</EIRDaily>
      <EIRDaily origin="monthly">0.0922</EIRDaily>
      <EIRDaily origin="monthly">0.0922</EIRDaily>
      <EIRDaily origin="monthly">0.0922</EIRDaily>
      <EIRDaily origin="monthly">0.0922</EIRDaily>
      <EIRDaily origin="monthly">0.0922</EIRDaily>
      <EIRDaily origin="monthly">0.0922</EIRDaily>
      <EIRDaily origin="monthly">0.0922</EIRDaily>
      <EIRDaily origin="monthly">0.0553</EIRDaily>
      <EIRDaily origin="monthly">0.0553</EIRDaily>
      <EIRDaily origin="monthly">0.0553</EIRDaily>
      <EIRDaily origin="monthly">0.0553</EIRDaily>
      <EIRDaily origin="monthly">0.0553</EIRDaily>
      <EIRDaily origin="monthly">0.0553</EIRDaily>
      <EIRDaily origin="monthly">0.0553</EIRDaily>
      <EIRDaily origin="monthly">0.0553</EIRDaily>
      <EIRDaily origin="monthly">0.0553</EIRDaily>
      <EIRDaily origin="monthly">0.0553</EIRDaily>
      <EIRDaily origin="monthly">0.0553</EIRDaily>
      <EIRDaily origin="monthly">0.0553</EIRDaily>
      <EIRDaily origin="monthly">0.0553</EIRDaily>
      <EIRDaily origin="monthly">0.0553</EIRDaily>
      <EIRDaily origin="monthly">0.0553</EIRDaily>
      <EIRDaily origin="monthly">0.0553</EIRDaily>
      <EIRDaily origin="monthly">0.0553</EIRDaily>
      <EIRDaily origin="monthly">0.0553</EIRDaily>
      <EIRDaily origin="monthly">0.0553</EIRDaily>
      <EIRDaily origin="monthly">0.0553</EIRDaily>
      <EIRDaily origin="monthly">0.0553</EIRDaily>
      <EIRDaily origin="monthly">0.0553</EIRDaily>
      <EIRDaily origin="monthly">0.0553</EIRDaily>
      <EIRDaily origin="monthly">0.0553</EIRDaily>
      <EIRDaily origin="monthly">0.0553</EIRDaily>
      <EIRDaily origin="monthly">0.0553</EIRDaily>
      <EIRDaily origin="monthly">0.0553</EIRDaily>
      <EIRDaily origin="monthly">0.0553</EIRDaily>
      <EIRDaily origin="monthly">0.0553</EIRDaily>
      <EIRDaily origin="monthly">0.0553</EIRDaily>
      <EIRDaily origin="monthly">0.0184</EIRDaily>
      <EIRDaily origin="monthly">0.0184</EIRDaily>
      <EIRDaily origin="monthly">0.0184</EIRDaily>
      <EIRDaily origin="monthly">0.0184</EIRDaily>
      <EIRDaily origin="monthly">0.0184</EIRDaily>
      <EIRDaily origin="monthly">0.0184</EIRDaily>
      <EIRDaily origin="monthly">0.0184</EIRDaily>
      <EIRDaily origin="monthly">0.0184</EIRDaily>
      <EIRDaily origin="monthly">0.0184</EIRDaily>
      <EIRDaily origin="monthly">0.0184</EIRDaily>
      <EIRDaily origin="monthly">0.0184</EIRDaily>
      <EIRDaily origin="monthly">0.0184</EIRDaily>
      <EIRDaily origin="monthly">0.0184</EIRDaily>
      <EIRDaily origin="monthly">0.0184</EIRDaily>
      <EIRDaily origin="monthly">0.0184</EIRDaily>
      <EIRDaily origin="monthly">0.0184</EIRDaily>
      <EIRDaily origin="monthly">0.0184</EIRDaily>
      <EIRDaily origin="monthly">0.0184</EIRDaily>
      <EIRDaily origin="monthly">0.0184</EIRDaily>
      <EIRDaily origin="monthly">0.0184</EIRDaily>
      <EIRDaily origin="monthly">0.0184</EIRDaily>
      <EIRDaily origin="monthly">0.0184</EIRDaily>
      <EIRDaily origin="monthly">0.0184</EIRDaily>
      <EIRDaily origin="monthly">0.0184</EIRDaily>
      <EIRDaily origin="monthly">0.0184</EIRDaily>
      <EIRDaily origin="monthly">0.0184</EIRDaily>
      <EIRDaily origin="monthly">0.0184</EIRDaily>
      <EIRDaily origin="monthly">0.0184</EIRDaily>
      <EIRDaily origin="monthly">0.0184</EIRDaily>
      <EIRDaily origin="monthly">0.0184</EIRDaily>
      <EIRDaily origin="monthly">0.0738</EIRDaily>
      <EIRDaily origin="monthly">0.0738</EIRDaily>
      <EIRDaily origin="monthly">0.0738</EIRDaily>
      <EIRDaily origin="monthly">0.0738</EIRDaily>
      <EIRDaily origin="monthly">0.0738</EIRDaily>
      <EIRDaily origin="monthly">0.0738</EIRDaily>
      <EIRDaily origin="monthly">0.0738</EIRDaily>
      <EIRDaily origin="monthly">0.0738</EIRDaily>
      <EIRDaily origin="monthly">0.0738</EIRDaily>
      <EIRDaily origin="monthly">0.0738</EIRDaily>
      <EIRDaily origin="monthly">0.0738</EIRDaily>
      <EIRDaily origin="monthly">0.0738</EIRDaily>
      <EIRDaily origin="monthly">0.0738</EIRDaily>
      <EIRDaily origin="monthly">0.0738</EIRDaily>
      <EIRDaily origin="monthly">0.0738</EIRDaily>
      <EIRDaily origin="monthly">0.0738</EIRDaily>
      <EIRDaily origin="monthly">0.0738</EIRDaily>
      <EIRDaily origin="monthly">0.0738</EIRDaily>
      <EIRDaily origin="monthly">0.0738</EIRDaily>
      <EIRDaily origin="monthly">0.0738</EIRDaily>
      <EIRDaily origin="monthly">0.0738</EIRDaily>
      <EIRDaily origin="monthly">0.0738</EIRDaily>
      <EIRDaily origin="monthly">0.0738</EIRDaily>
      <EIRDaily origin="monthly">0.0738</EIRDaily>
      <EIRDaily origin="monthly">0.0738</EIRDaily>
      <EIRDaily origin="monthly">0.0738</EIRDaily>
      <EIRDaily origin="monthly">0.0738</EIRDaily>
      <EIRDaily origin="monthly">0.0738</EIRDaily>
      <EIRDaily origin="monthly">0.0738</EIRDaily>
      <EIRDaily origin="monthly">0.0738</EIRDaily>
      <EIRDaily origin="monthly">0.0738</EIRDaily>
      <EIRDaily origin="monthly">0.0738</EIRDaily>
      <EIRDaily origin="monthly">0.0738</EIRDaily>
      <EIRDaily origin="monthly">0.0738</EIRDaily>
      <EIRDaily origin="monthly">0.0738</EIRDaily>
      <EIRDaily origin="monthly">0.0738</EIRDaily>
      <EIRDaily origin="monthly">0.0738</EIRDaily>
      <EIRDaily origin="monthly">0.0738</EIRDaily>
      <EIRDaily origin="monthly">0.0738</EIRDaily>
      <EIRDaily origin="monthly">0.0738</EIRDaily>
      <EIRDaily origin="monthly">0.0738</EIRDaily>
      <EIRDaily origin="monthly">0.0738</EIRDaily>
      <EIRDaily origin="monthly">0.0738</EIRDaily>
      <EIRDaily origin="monthly">0.0738</EIRDaily>
      <EIRDaily origin="monthly">0.0738</EIRDaily>
      <EIRDaily origin="monthly">0.0738</EIRDaily>
      <EIRDaily origin="monthly">0.0738</EIRDaily>
      <EIRDaily origin="monthly">0.0738</EIRDaily>
      <EIRDaily origin="monthly">0.0738</EIRDaily>
      <EIRDaily origin="monthly">0.0738</EIRDaily>
      <EIRDaily origin="monthly">0.0738</EIRDaily>
      <EIRDaily origin="monthly">0.0738</EIRDaily>
      <EIRDaily origin="monthly">0.0738</EIRDaily>
      <EIRDaily origin="monthly">0.0738</EIRDaily>
      <EIRDaily origin="monthly">0.0738</EIRDaily>
      <EIRDaily origin="monthly">0.0738</EIRDaily>
      <EIRDaily origin="monthly">0.0738</EIRDaily>
      <EIRDaily origin="monthly">0.0738</EIRDaily>
      <EIRDaily origin="monthly">0.0738</EIRDaily>
      <EIRDaily origin="monthly">0.0738</EIRDaily>
      <EIRDaily origin="monthly">0.0738</EIRDaily>
      <EIRDaily origin="monthly">0.3874</EIRDaily>
      <EIRDaily origin="monthly">0.3874</EIRDaily>
      <EIRDaily origin="monthly">0.3874</EIRDaily>
      <EIRDaily origin="monthly">0.3874</EIRDaily>
      <EIRDaily origin="monthly">0.3874</EIRDaily>
      <EIRDaily origin="monthly">0.3874</EIRDaily>
      <EIRDaily origin="monthly">0.3874</EIRDaily>
      <EIRDaily origin="monthly">0.3874</EIRDaily>
      <EIRDaily origin="monthly">0.3874</EIRDaily>
      <EIRDaily origin="monthly">0.3874</EIRDaily>
      <EIRDaily origin="monthly">0.3874</EIRDaily>
      <EIRDaily origin="monthly">0.3874</EIRDaily>
      <EIRDaily origin="monthly">0.3874</EIRDaily>
      <EIRDaily origin="monthly">0.3874</EIRDaily>
      <EIRDaily origin="monthly">0.3874</EIRDaily>
      <EIRDaily origin="monthly">0.3874</EIRDaily>
      <EIRDaily origin="monthly">0.3874</EIRDaily>
      <EIRDaily origin="monthly">0.3874</EIRDaily>
      <EIRDaily origin="monthly">0.3874</EIRDaily>
      <EIRDaily origin="monthly">0.3874</EIRDaily>
      <EIRDaily origin="monthly">0.3874</EIRDaily>
      <EIRDaily origin="monthly">0.3874</EIRDaily>
      <EIRDaily origin="monthly">0.3874</EIRDaily>
      <EIRDaily origin="monthly">0.3874</EIRDaily>
      <EIRDaily origin="monthly">0.3874</EIRDaily>
      <EIRDaily origin="monthly">0.3874</EIRDaily>
      <EIRDaily origin="monthly">0.3874</EIRDaily>
      <EIRDaily origin="monthly">0.3874</EIRDaily>
      <EIRDaily origin="monthly">0.3874</EIRDaily>
      <EIRDaily origin="monthly">0.3874</EIRDaily>
      <EIRDaily origin="monthly">0.3874</EIRDaily>
      <EIRDaily origin="monthly">1.6417</EIRDaily>
      <EIRDaily origin="monthly">1.6417</EIRDaily>
      <EIRDaily origin="monthly">1.6417</EIRDaily>
      <EIRDaily origin="monthly">1.6417</EIRDaily>
      <EIRDaily origin="monthly">1.6417</EIRDaily>
      <EIRDaily origin="monthly">1.6417</EIRDaily>
      <EIRDaily origin="monthly">1.6417</EIRDaily>
      <EIRDaily origin="monthly">1.6417</EIRDaily>
      <EIRDaily origin="monthly">1.6417</EIRDaily>
      <EIRDaily origin="monthly">1.6417</EIRDaily>
      <EIRDaily origin="monthly">1.6417</EIRDaily>
      <EIRDaily origin="monthly">1.6417</EIRDaily>
      <EIRDaily origin="monthly">1.6417</EIRDaily>
      <EIRDaily origin="monthly">1.6417</EIRDaily>
      <EIRDaily origin="monthly">1.6417</EIRDaily>
      <EIRDaily origin="monthly">1.6417</EIRDaily>
      <EIRDaily origin="monthly">1.6417</EIRDaily>
      <EIRDaily origin="monthly">1.6417</EIRDaily>
      <EIRDaily origin="monthly">1.6417</EIRDaily>
      <EIRDaily origin="monthly">1.6417</EIRDaily>
      <EIRDaily origin="monthly">1.6417</EIRDaily>
      <EIRDaily origin="monthly">1.6417</EIRDaily>
      <EIRDaily origin="monthly">1.6417</EIRDaily>
      <EIRDaily origin="monthly">1.6417</EIRDaily>
      <EIRDaily origin="monthly">1.6417</EIRDaily>
      <EIRDaily origin="monthly">1.6417</EIRDaily>
      <EIRDaily origin="monthly">1.6417</EIRDaily>
      <EIRDaily origin="monthly">1.6417</EIRDaily>
      <EIRDaily origin="monthly">1.6417</EIRDaily>
      <EIRDaily origin="monthly">1.6417</EIRDaily>
      <EIRDaily origin="monthly">1.3096</EIRDaily>
      <EIRDaily origin="monthly">1.3096</EIRDaily>
      <EIRDaily origin="monthly">1.3096</EIRDaily>
      <EIRDaily origin="monthly">1.3096</EIRDaily>
      <EIRDaily origin="monthly">1.3096</EIRDaily>
      <EIRDaily origin="monthly">1.3096</EIRDaily>
      <EIRDaily origin="monthly">1.3096</EIRDaily>
      <EIRDaily origin="monthly">1.3096</EIRDaily>
      <EIRDaily origin="monthly">1.3096</EIRDaily>
      <EIRDaily origin="monthly">1.3096</EIRDaily>
      <EIRDaily origin="monthly">1.3096</EIRDaily>
      <EIRDaily origin="monthly">1.3096</EIRDaily>
      <EIRDaily origin="monthly">1.3096</EIRDaily>
      <EIRDaily origin="monthly">1.3096</EIRDaily>
      <EIRDaily origin="monthly">1.3096</EIRDaily>
      <EIRDaily origin="monthly">1.3096</EIRDaily>
      <EIRDaily origin="monthly">1.3096</EIRDaily>
      <EIRDaily origin="monthly">1.3096</EIRDaily>
      <EIRDaily origin="monthly">1.3096</EIRDaily>
      <EIRDaily origin="monthly">1.3096</EIRDaily>
      <EIRDaily origin="monthly">1.3096</EIRDaily>
      <EIRDaily origin="monthly">1.3096</EIRDaily>
      <EIRDaily origin="monthly">1.3096</EIRDaily>
      <EIRDaily origin="monthly">1.3096</EIRDaily>
      <EIRDaily origin="monthly">1.3096</EIRDaily>
      <EIRDaily origin="monthly">1.3096</EIRDaily>
      <EIRDaily origin="monthly">1.3096</EIRDaily>
      <EIRDaily origin="monthly">1.3096</EIRDaily>
      <EIRDaily origin="monthly">1.3096</EIRDaily>
      <EIRDaily origin="monthly">1.3096</EIRDaily>
      <EIRDaily origin="monthly">2.1397</EIRDaily>
      <EIRDaily origin="monthly">2.1397</EIRDaily>
      <EIRDaily origin="monthly">2.1397</EIRDaily>
      <EIRDaily origin="monthly">2.1397</EIRDaily>
      <EIRDaily origin="monthly">2.1397</EIRDaily>
      <EIRDaily origin="monthly">2.1397</EIRDaily>
      <EIRDaily origin="monthly">2.1397</EIRDaily>
      <EIRDaily origin="monthly">2.1397</EIRDaily>
      <EIRDaily origin="monthly">2.1397</EIRDaily>
      <EIRDaily origin="monthly">2.1397</EIRDaily>
      <EIRDaily origin="monthly">2.1397</EIRDaily>
      <EIRDaily origin="monthly">2.1397</EIRDaily>
      <EIRDaily origin="monthly">2.1397</EIRDaily>
      <EIRDaily origin="monthly">2.1397</EIRDaily>
      <EIRDaily origin="monthly">2.1397</EIRDaily>
      <EIRDaily origin="monthly">2.1397</EIRDaily>
      <EIRDaily origin="monthly">2.1397</EIRDaily>
      <EIRDaily origin="monthly">2.1397</EIRDaily>
      <EIRDaily origin="monthly">2.1397</EIRDaily>
      <EIRDaily origin="monthly">2.1397</EIRDaily>
      <EIRDaily origin="monthly">2.1397</EIRDaily>
      <EIRDaily origin="monthly">2.1397</EIRDaily>
      <EIRDaily origin="monthly">2.1397</EIRDaily>
      <EIRDaily origin="monthly">2.1397</EIRDaily>
      <EIRDaily origin="monthly">2.1397</EIRDaily>
      <EIRDaily origin="monthly">2.1397</EIRDaily>
      <EIRDaily origin="monthly">2.1397</EIRDaily>
      <EIRDaily origin="monthly">2.1397</EIRDaily>
      <EIRDaily origin="monthly">2.1397</EIRDaily>
      <EIRDaily origin="monthly">2.1397</EIRDaily>
      <EIRDaily origin="monthly">2.1397</EIRDaily>
      <EIRDaily origin="monthly">0.5349</EIRDaily>
      <EIRDaily origin="monthly">0.5349</EIRDaily>
      <EIRDaily origin="monthly">0.5349</EIRDaily>
      <EIRDaily origin="monthly">0.5349</EIRDaily>
      <EIRDaily origin="monthly">0.5349</EIRDaily>
      <EIRDaily origin="monthly">0.5349</EIRDaily>
      <EIRDaily origin="monthly">0.5349</EIRDaily>
      <EIRDaily origin="monthly">0.5349</EIRDaily>
      <EIRDaily origin="monthly">0.5349</EIRDaily>
      <EIRDaily origin="monthly">0.5349</EIRDaily>
      <EIRDaily origin="monthly">0.5349</EIRDaily>
      <EIRDaily origin="monthly">0.5349</EIRDaily>
      <EIRDaily origin="monthly">0.5349</EIRDaily>
      <EIRDaily origin="monthly">0.5349</EIRDaily>
      <EIRDaily origin="monthly">0.5349</EIRDaily>
      <EIRDaily origin="monthly">0.5349</EIRDaily>
      <EIRDaily origin="monthly">0.5349</EIRDaily>
      <EIRDaily origin="monthly">0.5349</EIRDaily>
      <EIRDaily origin="monthly">0.5349</EIRDaily>
      <EIRDaily origin="monthly">0.5349</EIRDaily>
      <EIRDaily origin="monthly">0.5349</EIRDaily>
      <EIRDaily origin="monthly">0.5349</EIRDaily>
      <EIRDaily origin="monthly">0.5349</EIRDaily>
      <EIRDaily origin="monthly">0.5349</EIRDaily>
      <EIRDaily origin="monthly">0.5349</EIRDaily>
      <EIRDaily origin="monthly">0.5349</EIRDaily>
      <EIRDaily origin="monthly">0.5349</EIRDaily>
      <EIRDaily origin="monthly">0.5349</EIRDaily>
      <EIRDaily origin="monthly">0.5349</EIRDaily>
      <EIRDaily origin="monthly">0.5349</EIRDaily>
      <EIRDaily origin="monthly">0.4796</EIRDaily>
      <EIRDaily origin="monthly">0.4796</EIRDaily>
      <EIRDaily origin="monthly">0.4796</EIRDaily>
      <EIRDaily origin="monthly">0.4796</EIRDaily>
      <EIRDaily origin="monthly">0.4796</EIRDaily>
      <EIRDaily origin="monthly">0.4796</EIRDaily>
      <EIRDaily origin="monthly">0.4796</EIRDaily>
      <EIRDaily origin="monthly">0.4796</EIRDaily>
      <EIRDaily origin="monthly">0.4796</EIRDaily>
      <EIRDaily origin="monthly">0.4796</EIRDaily>
      <EIRDaily origin="monthly">0.4796</EIRDaily>
      <EIRDaily origin="monthly">0.4796</EIRDaily>
      <EIRDaily origin="monthly">0.4796</EIRDaily>
      <EIRDaily origin="monthly">0.4796</EIRDaily>
      <EIRDaily origin="monthly">0.4796</EIRDaily>
      <EIRDaily origin="monthly">0.4796</EIRDaily>
      <EIRDaily origin="monthly">0.4796</EIRDaily>
      <EIRDaily origin="monthly">0.4796</EIRDaily>
      <EIRDaily origin="monthly">0.4796</EIRDaily>
      <EIRDaily origin="monthly">0.4796</EIRDaily>
      <EIRDaily origin="monthly">0.4796</EIRDaily>
      <EIRDaily origin="monthly">0.4796</EIRDaily>
      <EIRDaily origin="monthly">0.4796</EIRDaily>
      <EIRDaily origin="monthly">0.4796</EIRDaily>
      <EIRDaily origin="monthly">0.4796</EIRDaily>
      <EIRDaily origin="monthly">0.4796</EIRDaily>
      <EIRDaily origin="monthly">0.4796</EIRDaily>
      <EIRDaily origin="monthly">0.4796</EIRDaily>
      <EIRDaily origin="monthly">0.4796</EIRDaily>
      <EIRDaily origin="monthly">0.4796</EIRDaily>
      <EIRDaily origin="monthly">0.4796</EIRDaily>
      <EIRDaily origin="monthly">0.4796</EIRDaily>
      <EIRDaily origin="monthly">0.4796</EIRDaily>
      <EIRDaily origin="monthly">0.4796</EIRDaily>
      <EIRDaily origin="monthly">0.4796</EIRDaily>
      <EIRDaily origin="monthly">0.4796</EIRDaily>
      <EIRDaily origin="monthly">0.4796</EIRDaily>
      <EIRDaily origin="monthly">0.4796</EIRDaily>
      <EIRDaily origin="monthly">0.4796</EIRDaily>
      <EIRDaily origin="monthly">0.4796</EIRDaily>
      <EIRDaily origin="monthly">0.4796</EIRDaily>
      <EIRDaily origin="monthly">0.4796</EIRDaily>
      <EIRDaily origin="monthly">0.4796</EIRDaily>
      <EIRDaily origin="monthly">0.4796</EIRDaily>
      <EIRDaily origin="monthly">0.4796</EIRDaily>
      <EIRDaily origin="monthly">0.4796</EIRDaily>
      <EIRDaily origin="monthly">0.4796</EIRDaily>
      <EIRDaily origin="monthly">0.4796</EIRDaily>
      <EIRDaily origin="monthly">0.4796</EIRDaily>
      <EIRDaily origin="monthly">0.4796</EIRDaily>
      <EIRDaily origin="monthly">0.4796</EIRDaily>
      <EIRDaily origin="monthly">0.4796</EIRDaily>
      <EIRDaily origin="monthly">0.4796</EIRDaily>
      <EIRDaily origin="monthly">0.4796</EIRDaily>
      <EIRDaily origin="monthly">0.4796</EIRDaily>
      <EIRDaily origin="monthly">0.4796</EIRDaily>
      <EIRDaily origin="monthly">0.4796</EIRDaily>
      <EIRDaily origin="monthly">0.4796</EIRDaily>
      <EIRDaily origin="monthly">0.4796</EIRDaily>
      <EIRDaily origin="monthly">0.4796</EIRDaily>
      <EIRDaily origin="monthly">0.4796</EIRDaily>
      <EIRDaily origin="monthly">0.7009</EIRDaily>
      <EIRDaily origin="monthly">0.7009</EIRDaily>
      <EIRDaily origin="monthly">0.7009</EIRDaily>
      <EIRDaily origin="monthly">0.7009</EIRDaily>
      <EIRDaily origin="monthly">0.7009</EIRDaily>
      <EIRDaily origin="monthly">0.7009</EIRDaily>
      <EIRDaily origin="monthly">0.7009</EIRDaily>
      <EIRDaily origin="monthly">0.7009</EIRDaily>
      <EIRDaily origin="monthly">0.7009</EIRDaily>
      <EIRDaily origin="monthly">0.7009</EIRDaily>
      <EIRDaily origin="monthly">0.7009</EIRDaily>
      <EIRDaily origin="monthly">0.7009</EIRDaily>
      <EIRDaily origin="monthly">0.7009</EIRDaily>
      <EIRDaily origin="monthly">0.7009</EIRDaily>
      <EIRDaily origin="monthly">0.7009</EIRDaily>
      <EIRDaily origin="monthly">0.7009</EIRDaily>
      <EIRDaily origin="monthly">0.7009</EIRDaily>
      <EIRDaily origin="monthly">0.7009</EIRDaily>
      <EIRDaily origin="monthly">0.7009</EIRDaily>
      <EIRDaily origin="monthly">0.7009</EIRDaily>
      <EIRDaily origin="monthly">0.7009</EIRDaily>
      <EIRDaily origin="monthly">0.7009</EIRDaily>
      <EIRDaily origin="monthly">0.7009</EIRDaily>
      <EIRDaily origin="monthly">0.7009</EIRDaily>
      <EIRDaily origin="monthly">0.7009</EIRDaily>
      <EIRDaily origin="monthly">0.7009</EIRDaily>
      <EIRDaily origin="monthly">0.7009</EIRDaily>
      <EIRDaily origin="monthly">0.7009</EIRDaily>
      <EIRDaily origin="monthly">0.7009</EIRDaily>
      <EIRDaily origin="monthly">0.7009</EIRDaily>
      <EIRDaily origin="monthly">0.6640</EIRDaily>
      <EIRDaily origin="monthly">0.6640</EIRDaily>
      <EIRDaily origin="monthly">0.6640</EIRDaily>
      <EIRDaily origin="monthly">0.6640</EIRDaily>
      <EIRDaily origin="monthly">0.6640</EIRDaily>
      <EIRDaily origin="monthly">0.6640</EIRDaily>
      <EIRDaily origin="monthly">0.6640</EIRDaily>
      <EIRDaily origin="monthly">0.6640</EIRDaily>
      <EIRDaily origin="monthly">0.6640</EIRDaily>
      <EIRDaily origin="monthly">0.6640</EIRDaily>
      <EIRDaily origin="monthly">0.6640</EIRDaily>
      <EIRDaily origin="monthly">0.6640</EIRDaily>
      <EIRDaily origin="monthly">0.6640</EIRDaily>
      <EIRDaily origin="monthly">0.6640</EIRDaily>
      <EIRDaily origin="monthly">0.6640</EIRDaily>
      <EIRDaily origin="monthly">0.6640</EIRDaily>
      <EIRDaily origin="monthly">0.6640</EIRDaily>
      <EIRDaily origin="monthly">0.6640</EIRDaily>
      <EIRDaily origin="monthly">0.6640</EIRDaily>
      <EIRDaily origin="monthly">0.6640</EIRDaily>
      <EIRDaily origin="monthly">0.6640</EIRDaily>
      <EIRDaily origin="monthly">0.6640</EIRDaily>
      <EIRDaily origin="monthly">0.6640</EIRDaily>
      <EIRDaily origin="monthly">0.6640</EIRDaily>
      <EIRDaily origin="monthly">0.6640</EIRDaily>
      <EIRDaily origin="monthly">0.6640</EIRDaily>
      <EIRDaily origin="monthly">0.6640</EIRDaily>
      <EIRDaily origin="monthly">0.6640</EIRDaily>
      <EIRDaily origin="monthly">0.6640</EIRDaily>
      <EIRDaily origin="monthly">0.6640</EIRDaily>
      <EIRDaily origin="monthly">0.6640</EIRDaily>
      <EIRDaily origin="monthly">0.4242</EIRDaily>
      <EIRDaily origin="monthly">0.4242</EIRDaily>
      <EIRDaily origin="monthly">0.4242</EIRDaily>
      <EIRDaily origin="monthly">0.4242</EIRDaily>
      <EIRDaily origin="monthly">0.4242</EIRDaily>
      <EIRDaily origin="monthly">0.4242</EIRDaily>
      <EIRDaily origin="monthly">0.4242</EIRDaily>
      <EIRDaily origin="monthly">0.4242</EIRDaily>
      <EIRDaily origin="monthly">0.4242</EIRDaily>
      <EIRDaily origin="monthly">0.4242</EIRDaily>
      <EIRDaily origin="monthly">0.4242</EIRDaily>
      <EIRDaily origin="monthly">0.4242</EIRDaily>
      <EIRDaily origin="monthly">0.4242</EIRDaily>
      <EIRDaily origin="monthly">0.4242</EIRDaily>
      <EIRDaily origin="monthly">0.4242</EIRDaily>
      <EIRDaily origin="monthly">0.4242</EIRDaily>
      <EIRDaily origin="monthly">0.4242</EIRDaily>
      <EIRDaily origin="monthly">0.4242</EIRDaily>
      <EIRDaily origin="monthly">0.4242</EIRDaily>
      <EIRDaily origin="monthly">0.4242</EIRDaily>
      <EIRDaily origin="monthly">0.4242</EIRDaily>
      <EIRDaily origin="monthly">0.4242</EIRDaily>
      <EIRDaily origin="monthly">0.4242</EIRDaily>
      <EIRDaily origin="monthly">0.4242</EIRDaily>
      <EIRDaily origin="monthly">0.4242</EIRDaily>
      <EIRDaily origin="monthly">0.4242</EIRDaily>
      <EIRDaily origin="monthly">0.4242</EIRDaily>
      <EIRDaily origin="monthly">0.4242</EIRDaily>
      <EIRDaily origin="monthly">0.4242</EIRDaily>
      <EIRDaily origin="monthly">0.4242</EIRDaily>
      <EIRDaily origin="monthly">0.3136</EIRDaily>
      <EIRDaily origin="monthly">0.3136</EIRDaily>
      <EIRDaily origin="monthly">0.3136</EIRDaily>
      <EIRDaily origin="monthly">0.3136</EIRDaily>
      <EIRDaily origin="monthly">0.3136</EIRDaily>
      <EIRDaily origin="monthly">0.3136</EIRDaily>
      <EIRDaily origin="monthly">0.3136</EIRDaily>
      <EIRDaily origin="monthly">0.3136</EIRDaily>
      <EIRDaily origin="monthly">0.3136</EIRDaily>
      <EIRDaily origin="monthly">0.3136</EIRDaily>
      <EIRDaily origin="monthly">0.3136</EIRDaily>
      <EIRDaily origin="monthly">0.3136</EIRDaily>
      <EIRDaily origin="monthly">0.3136</EIRDaily>
      <EIRDaily origin="monthly">0.3136</EIRDaily>
      <EIRDaily origin="monthly">0.3136</EIRDaily>
      <EIRDaily origin="monthly">0.3136</EIRDaily>
      <EIRDaily origin="monthly">0.3136</EIRDaily>
      <EIRDaily origin="monthly">0.3136</EIRDaily>
      <EIRDaily origin="monthly">0.3136</EIRDaily>
      <EIRDaily origin="monthly">0.3136</EIRDaily>
      <EIRDaily origin="monthly">0.3136</EIRDaily>
      <EIRDaily origin="monthly">0.3136</EIRDaily>
      <EIRDaily origin="monthly">0.3136</EIRDaily>
      <EIRDaily origin="monthly">0.3136</EIRDaily>
      <EIRDaily origin="monthly">0.3136</EIRDaily>
      <EIRDaily origin="monthly">0.3136</EIRDaily>
      <EIRDaily origin="monthly">0.3136</EIRDaily>
      <EIRDaily origin="monthly">0.3136</EIRDaily>
      <EIRDaily origin="monthly">0.3136</EIRDaily>
      <EIRDaily origin="monthly">0.3136</EIRDaily>
      <EIRDaily origin="monthly">0.3136</EIRDaily>
      <EIRDaily origin="monthly">0.1107</EIRDaily>
      <EIRDaily origin="monthly">0.1107</EIRDaily>
      <EIRDaily origin="monthly">0.1107</EIRDaily>
      <EIRDaily origin="monthly">0.1107</EIRDaily>
      <EIRDaily origin="monthly">0.1107</EIRDaily>
      <EIRDaily origin="monthly">0.1107</EIRDaily>
      <EIRDaily origin="monthly">0.1107</EIRDaily>
      <EIRDaily origin="monthly">0.1107</EIRDaily>
      <EIRDaily origin="monthly">0.1107</EIRDaily>
      <EIRDaily origin="monthly">0.1107</EIRDaily>
      <EIRDaily origin="monthly">0.1107</EIRDaily>
      <EIRDaily origin="monthly">0.1107</EIRDaily>
      <EIRDaily origin="monthly">0.1107</EIRDaily>
      <EIRDaily origin="monthly">0.1107</EIRDaily>
      <EIRDaily origin="monthly">0.1107</EIRDaily>
      <EIRDaily origin="monthly">0.1107</EIRDaily>
      <EIRDaily origin="monthly">0.1107</EIRDaily>
      <EIRDaily origin="monthly">0.1107</EIRDaily>
      <EIRDaily origin="monthly">0.1107</EIRDaily>
      <EIRDaily origin="monthly">0.1107</EIRDaily>
      <EIRDaily origin="monthly">0.1107</EIRDaily>
      <EIRDaily origin="monthly">0.1107</EIRDaily>
      <EIRDaily origin="monthly">0.1107</EIRDaily>
      <EIRDaily origin="monthly">0.1107</EIRDaily>
      <EIRDaily origin="monthly">0.1107</EIRDaily>
      <EIRDaily origin="monthly">0.1107</EIRDaily>
      <EIRDaily origin="monthly">0.1107</EIRDaily>
      <EIRDaily origin="monthly">0.1107</EIRDaily>
      <EIRDaily origin="monthly">0.1107</EIRDaily>
      <EIRDaily origin="monthly">0.1107</EIRDaily>
      <EIRDaily origin="monthly">0.1291</EIRDaily>
      <EIRDaily origin="monthly">0.1291</EIRDaily>
      <EIRDaily origin="monthly">0.1291</EIRDaily>
      <EIRDaily origin="monthly">0.1291</EIRDaily>
      <EIRDaily origin="monthly">0.1291</EIRDaily>
      <EIRDaily origin="monthly">0.1291</EIRDaily>
      <EIRDaily origin="monthly">0.1291</EIRDaily>
      <EIRDaily origin="monthly">0.1291</EIRDaily>
      <EIRDaily origin="monthly">0.1291</EIRDaily>
      <EIRDaily origin="monthly">0.1291</EIRDaily>
      <EIRDaily origin="monthly">0.1291</EIRDaily>
      <EIRDaily origin="monthly">0.1291</EIRDaily>
      <EIRDaily origin="monthly">0.1291</EIRDaily>
      <EIRDaily origin="monthly">0.1291</EIRDaily>
      <EIRDaily origin="monthly">0.1291</EIRDaily>
      <EIRDaily origin="monthly">0.1291</EIRDaily>
      <EIRDaily origin="monthly">0.1291</EIRDaily>
      <EIRDaily origin="monthly">0.1291</EIRDaily>
      <EIRDaily origin="monthly">0.1291</EIRDaily>
      <EIRDaily origin="monthly">0.1291</EIRDaily>
      <EIRDaily origin="monthly">0.1291</EIRDaily>
      <EIRDaily origin="monthly">0.1291</EIRDaily>
      <EIRDaily origin="monthly">0.1291</EIRDaily>
      <EIRDaily origin="monthly">0.1291</EIRDaily>
      <EIRDaily origin="monthly">0.1291</EIRDaily>
      <EIRDaily origin="monthly">0.1291</EIRDaily>
      <EIRDaily origin="monthly">0.1291</EIRDaily>
      <EIRDaily origin="monthly">0.1291</EIRDaily>
      <EIRDaily origin="monthly">0.1291</EIRDaily>
      <EIRDaily origin="monthly">0.1291</EIRDaily>
      <EIRDaily origin="monthly">0.1291</EIRDaily>
      <EIRDaily origin="monthly">0.1291</EIRDaily>
    </nonVector>
  </entoData>
  <drugDescription>
    <drug abbrev="effective">
      <PD>
        <allele name="sensitive">
          <initial_frequency>1</initial_frequency>
          <max_killing_rate>1e7</max_killing_rate>
          <IC50>1</IC50>
          <slope>1</slope>
        </allele>
      </PD>
      <PK>
        <negligible_concentration>1e-5</negligible_concentration>
        <half_life>0.00069</half_life>
        <vol_dist>0.01667</vol_dist>
      </PK>
    </drug>
  </drugDescription>
  <model>
    <ModelOptions>
      <option name="MAX_DENS_CORRECTION" value="true"/>
      <option name="MOLINEAUX_WITHIN_HOST_MODEL" value="true"/>
      <option name="INCLUDES_PK_PD" value="true"/>
      <option name="CLINICAL_EVENT_SCHEDULER" value="true"/>
    </ModelOptions>
    <clinical healthSystemMemory="0"/>
    <parameters interval="1" iseed="1" latentp="15">
      <parameter include="false" name="'-ln(1-Sinf)'" number="1" value="0.0507360000000001"/>
      <parameter include="false" name="Estar" number="2" value="0.03247"/>
      <parameter include="false" name="Simm" number="3" value="0.138161050830301"/>
      <parameter include="false" name="Xstar_p" number="4" value="1514.3858532337"/>
      <parameter include="false" name="gamma_p" number="5" value="2.03692533424484"/>
      <parameter include="false" name="sigma2i" number="6" value="0"/>
      <parameter include="false" name="CumulativeYstar" number="7" value="500000000.0"/>
      <parameter include="false" name="CumulativeHstar" number="8" value="700.0"/>
      <parameter include="false" name="'-ln(1-alpha_m)'" number="9" value="2.33031045876193"/>
      <parameter include="false" name="decay_m" number="10" value="2.53106547375805"/>
      <parameter include="false" name="sigma2_0" number="11" value="0.655747311168152"/>
      <parameter include="false" name="Xstar_v" number="12" value="0.916181104713054"/>
      <parameter include="false" name="Ystar2" number="13" value="6502.26335600001"/>
      <parameter include="false" name="alpha" number="14" value="142601.91252"/>
      <parameter include="false" name="Density bias (non Garki)" number="15" value="0.177378570987455"/>
      <parameter include="false" name="No Use 1" number="16" value="1"/>
      <parameter include="false" name="log oddsr CF community" number="17" value="1.5"/>
      <parameter include="false" name="Indirect risk cofactor" number="18" value="0.018777338"/>
      <parameter include="false" name="Non-malaria infant mortality" number="19" value="49.5390466"/>
      <parameter include="false" name="Density bias (Garki)" number="20" value="4.79610772546704"/>
      <parameter include="false" name="Severe Malaria Threshhold" number="21" value="784455.6"/>
      <parameter include="false" name="Immunity Penalty" number="22" value="1"/>
      <parameter include="false" name="Immune effector decay" number="23" value="0"/>
      <parameter include="false" name="comorbidity intercept" number="24" value="0.0968"/>
      <parameter include="false" name="Ystar half life" number="25" value="0.275437402"/>
      <parameter include="false" name="Ystar1" number="26" value="0.596539864"/>
      <parameter include="false" name="Asexual immunity decay" number="27" value="0"/>
      <parameter include="false" name="Ystar0" number="28" value="296.3024379"/>
      <parameter include="false" name="Idete multiplier" number="29" value="2.797523626"/>
      <parameter include="false" name="critical age for comorbidity" number="30" value="0.117383"/>
      <parameter include="false" name="v in 'Case Fatality Rate proposal'" number="33" value="0.00008"/>
      <parameter include="false" name="Molineaux first local max density mean" number="34" value="4.0"/>
      <parameter include="false" name="Molineaux first local max density sd" number="35" value="0.1"/>
      <parameter include="false" name="Diff positive days mean" number="36" value="1.57"/>
      <parameter include="false" name="Diff positive days sd" number="37" value="0.15"/>
      <parameter include="false" name="-log(alpha) in 'Case Fatality Rate proposal'" number="38" value="0.916290731874155"/>
    </parameters>
  </model>
</scenario>
