<?xml version="1.0" encoding="UTF-8" standalone="no"?><scenario xmlns:xsi="http://www.w3.org/2001/XMLSchema-instance" analysisNo="233" assimMode="0" maximumAgeYrs="90" mode="4" name="test D94" popSize="100" schemaVersion="18" wuID="536305339" xsi:noNamespaceSchemaLocation="scenario_18.xsd">
  
  <demography name="test">
    <ageGroup lowerbound="0.0">
      <group poppercent="3.474714994" upperbound="1"/>
      <group poppercent="12.76004028" upperbound="5"/>
      <group poppercent="14.52151394" upperbound="10"/>
      <group poppercent="12.75565434" upperbound="15"/>
      <group poppercent="10.83632374" upperbound="20"/>
      <group poppercent="8.393312454" upperbound="25"/>
      <group poppercent="7.001421452" upperbound="30"/>
      <group poppercent="5.800587654" upperbound="35"/>
      <group poppercent="5.102136612" upperbound="40"/>
      <group poppercent="4.182561874" upperbound="45"/>
      <group poppercent="3.339409351" upperbound="50"/>
      <group poppercent="2.986112356" upperbound="55"/>
      <group poppercent="2.555766582" upperbound="60"/>
      <group poppercent="2.332763433" upperbound="65"/>
      <group poppercent="1.77400255" upperbound="70"/>
      <group poppercent="1.008525491" upperbound="75"/>
      <group poppercent="0.74167341" upperbound="80"/>
      <group poppercent="0.271863401" upperbound="85"/>
      <group poppercent="0.161614642" upperbound="90"/>
    </ageGroup>
  </demography>
  <monitoring name="Test Moni">
    <SurveyOptions>
      <option name="nHost" value="true"/>
      <option name="nExpectd" value="true"/>
      <option name="nPatent" value="true"/>
      <option name="sumLogPyrogenThres" value="true"/>
      <option name="sumlogDens" value="true"/>
      <option name="nTreatments1" value="true"/>
      <option name="nTreatments2" value="true"/>
      <option name="nTreatments3" value="true"/>
      <option name="nUncomp" value="true"/>
      <option name="nSevere" value="true"/>
      <option name="nSeq" value="true"/>
      <option name="nIndDeaths" value="true"/>
      <option name="nDirDeaths" value="true"/>
    </SurveyOptions>
    <surveys detectionLimit="2.5">
      <surveyTime>730</surveyTime>
    </surveys>
    <ageGroup lowerbound="0.0">
      <group upperbound="1"/>
      <group upperbound="2"/>
      <group upperbound="3"/>
      <group upperbound="4"/>
      <group upperbound="5"/>
      <group upperbound="6"/>
      <group upperbound="7"/>
      <group upperbound="8"/>
      <group upperbound="9"/>
      <group upperbound="10"/>
      <group upperbound="11"/>
      <group upperbound="12"/>
      <group upperbound="13"/>
      <group upperbound="14"/>
      <group upperbound="15"/>
      <group upperbound="20"/>
      <group upperbound="25"/>
      <group upperbound="30"/>
      <group upperbound="40"/>
      <group upperbound="50"/>
      <group upperbound="60"/>
      <group upperbound="99"/>
    </ageGroup>
  </monitoring>
  <interventions name="No intervention"/>
  
  <healthSystem>
    <EventScheduler>
      <uncomplicated >
        <decision name="test" depends="" values="none,microscopy,RDT">
          p(.8): one
          p(.2): zero
        </decision>
      </uncomplicated>
      <complicated >
        <decision name="dummy" depends="" values="one,zero">
          p(.8): one
          p(.2): zero
        </decision>
      </complicated>
      <!-- Treament is to be added
        <CM_leaf ID="0">
          <medicate name="MF" qty="3000" time="0"/>
          <medicate name="MF" qty="3000" time="720"/>
        </CM_leaf>
      -->
      <ClinicalOutcomes severeMask="0">
        <outcomes ID="0" hospitalizationDaysDeath="2" hospitalizationDaysRecover="3" pDeath="0.01"/>
      </ClinicalOutcomes>
    </EventScheduler>
    <CFR>
      <group cfr="0" lowerbound="0"/>
    </CFR>
  </healthSystem>
  <entoData name="Test">
    <nonVector eipDuration="10">
      <EIRDaily origin="monthly">0.0738</EIRDaily>
      <EIRDaily origin="monthly">0.0738</EIRDaily>
      <EIRDaily origin="monthly">0.0738</EIRDaily>
      <EIRDaily origin="monthly">0.0738</EIRDaily>
      <EIRDaily origin="monthly">0.0738</EIRDaily>
      <EIRDaily origin="monthly">0.0738</EIRDaily>
      <EIRDaily origin="monthly">0.0738</EIRDaily>
      <EIRDaily origin="monthly">0.0738</EIRDaily>
      <EIRDaily origin="monthly">0.0738</EIRDaily>
      <EIRDaily origin="monthly">0.0738</EIRDaily>
      <EIRDaily origin="monthly">0.0738</EIRDaily>
      <EIRDaily origin="monthly">0.0738</EIRDaily>
      <EIRDaily origin="monthly">0.0738</EIRDaily>
      <EIRDaily origin="monthly">0.0738</EIRDaily>
      <EIRDaily origin="monthly">0.0738</EIRDaily>
      <EIRDaily origin="monthly">0.0738</EIRDaily>
      <EIRDaily origin="monthly">0.0738</EIRDaily>
      <EIRDaily origin="monthly">0.0738</EIRDaily>
      <EIRDaily origin="monthly">0.0738</EIRDaily>
      <EIRDaily origin="monthly">0.0738</EIRDaily>
      <EIRDaily origin="monthly">0.0738</EIRDaily>
      <EIRDaily origin="monthly">0.0738</EIRDaily>
      <EIRDaily origin="monthly">0.0738</EIRDaily>
      <EIRDaily origin="monthly">0.0738</EIRDaily>
      <EIRDaily origin="monthly">0.0738</EIRDaily>
      <EIRDaily origin="monthly">0.0738</EIRDaily>
      <EIRDaily origin="monthly">0.0738</EIRDaily>
      <EIRDaily origin="monthly">0.0738</EIRDaily>
      <EIRDaily origin="monthly">0.0738</EIRDaily>
      <EIRDaily origin="monthly">0.0738</EIRDaily>
      <EIRDaily origin="monthly">0.0738</EIRDaily>
      <EIRDaily origin="monthly">0.3136</EIRDaily>
      <EIRDaily origin="monthly">0.3136</EIRDaily>
      <EIRDaily origin="monthly">0.3136</EIRDaily>
      <EIRDaily origin="monthly">0.3136</EIRDaily>
      <EIRDaily origin="monthly">0.3136</EIRDaily>
      <EIRDaily origin="monthly">0.3136</EIRDaily>
      <EIRDaily origin="monthly">0.3136</EIRDaily>
      <EIRDaily origin="monthly">0.3136</EIRDaily>
      <EIRDaily origin="monthly">0.3136</EIRDaily>
      <EIRDaily origin="monthly">0.3136</EIRDaily>
      <EIRDaily origin="monthly">0.3136</EIRDaily>
      <EIRDaily origin="monthly">0.3136</EIRDaily>
      <EIRDaily origin="monthly">0.3136</EIRDaily>
      <EIRDaily origin="monthly">0.3136</EIRDaily>
      <EIRDaily origin="monthly">0.3136</EIRDaily>
      <EIRDaily origin="monthly">0.3136</EIRDaily>
      <EIRDaily origin="monthly">0.3136</EIRDaily>
      <EIRDaily origin="monthly">0.3136</EIRDaily>
      <EIRDaily origin="monthly">0.3136</EIRDaily>
      <EIRDaily origin="monthly">0.3136</EIRDaily>
      <EIRDaily origin="monthly">0.3136</EIRDaily>
      <EIRDaily origin="monthly">0.3136</EIRDaily>
      <EIRDaily origin="monthly">0.3136</EIRDaily>
      <EIRDaily origin="monthly">0.3136</EIRDaily>
      <EIRDaily origin="monthly">0.3136</EIRDaily>
      <EIRDaily origin="monthly">0.3136</EIRDaily>
      <EIRDaily origin="monthly">0.3136</EIRDaily>
      <EIRDaily origin="monthly">0.3136</EIRDaily>
      <EIRDaily origin="monthly">0.3136</EIRDaily>
      <EIRDaily origin="monthly">0.3136</EIRDaily>
      <EIRDaily origin="monthly">0.2767</EIRDaily>
      <EIRDaily origin="monthly">0.2767</EIRDaily>
      <EIRDaily origin="monthly">0.2767</EIRDaily>
      <EIRDaily origin="monthly">0.2767</EIRDaily>
      <EIRDaily origin="monthly">0.2767</EIRDaily>
      <EIRDaily origin="monthly">0.2767</EIRDaily>
      <EIRDaily origin="monthly">0.2767</EIRDaily>
      <EIRDaily origin="monthly">0.2767</EIRDaily>
      <EIRDaily origin="monthly">0.2767</EIRDaily>
      <EIRDaily origin="monthly">0.2767</EIRDaily>
      <EIRDaily origin="monthly">0.2767</EIRDaily>
      <EIRDaily origin="monthly">0.2767</EIRDaily>
      <EIRDaily origin="monthly">0.2767</EIRDaily>
      <EIRDaily origin="monthly">0.2767</EIRDaily>
      <EIRDaily origin="monthly">0.2767</EIRDaily>
      <EIRDaily origin="monthly">0.2767</EIRDaily>
      <EIRDaily origin="monthly">0.2767</EIRDaily>
      <EIRDaily origin="monthly">0.2767</EIRDaily>
      <EIRDaily origin="monthly">0.2767</EIRDaily>
      <EIRDaily origin="monthly">0.2767</EIRDaily>
      <EIRDaily origin="monthly">0.2767</EIRDaily>
      <EIRDaily origin="monthly">0.2767</EIRDaily>
      <EIRDaily origin="monthly">0.2767</EIRDaily>
      <EIRDaily origin="monthly">0.2767</EIRDaily>
      <EIRDaily origin="monthly">0.2767</EIRDaily>
      <EIRDaily origin="monthly">0.2767</EIRDaily>
      <EIRDaily origin="monthly">0.2767</EIRDaily>
      <EIRDaily origin="monthly">0.2767</EIRDaily>
      <EIRDaily origin="monthly">0.2767</EIRDaily>
      <EIRDaily origin="monthly">0.2767</EIRDaily>
      <EIRDaily origin="monthly">0.9038</EIRDaily>
      <EIRDaily origin="monthly">0.9038</EIRDaily>
      <EIRDaily origin="monthly">0.9038</EIRDaily>
      <EIRDaily origin="monthly">0.9038</EIRDaily>
      <EIRDaily origin="monthly">0.9038</EIRDaily>
      <EIRDaily origin="monthly">0.9038</EIRDaily>
      <EIRDaily origin="monthly">0.9038</EIRDaily>
      <EIRDaily origin="monthly">0.9038</EIRDaily>
      <EIRDaily origin="monthly">0.9038</EIRDaily>
      <EIRDaily origin="monthly">0.9038</EIRDaily>
      <EIRDaily origin="monthly">0.9038</EIRDaily>
      <EIRDaily origin="monthly">0.9038</EIRDaily>
      <EIRDaily origin="monthly">0.9038</EIRDaily>
      <EIRDaily origin="monthly">0.9038</EIRDaily>
      <EIRDaily origin="monthly">0.9038</EIRDaily>
      <EIRDaily origin="monthly">0.9038</EIRDaily>
      <EIRDaily origin="monthly">0.9038</EIRDaily>
      <EIRDaily origin="monthly">0.9038</EIRDaily>
      <EIRDaily origin="monthly">0.9038</EIRDaily>
      <EIRDaily origin="monthly">0.9038</EIRDaily>
      <EIRDaily origin="monthly">0.9038</EIRDaily>
      <EIRDaily origin="monthly">0.9038</EIRDaily>
      <EIRDaily origin="monthly">0.9038</EIRDaily>
      <EIRDaily origin="monthly">0.9038</EIRDaily>
      <EIRDaily origin="monthly">0.9038</EIRDaily>
      <EIRDaily origin="monthly">0.9038</EIRDaily>
      <EIRDaily origin="monthly">0.9038</EIRDaily>
      <EIRDaily origin="monthly">0.9038</EIRDaily>
      <EIRDaily origin="monthly">0.9038</EIRDaily>
      <EIRDaily origin="monthly">0.9038</EIRDaily>
      <EIRDaily origin="monthly">0.9038</EIRDaily>
      <EIRDaily origin="monthly">0.3874</EIRDaily>
      <EIRDaily origin="monthly">0.3874</EIRDaily>
      <EIRDaily origin="monthly">0.3874</EIRDaily>
      <EIRDaily origin="monthly">0.3874</EIRDaily>
      <EIRDaily origin="monthly">0.3874</EIRDaily>
      <EIRDaily origin="monthly">0.3874</EIRDaily>
      <EIRDaily origin="monthly">0.3874</EIRDaily>
      <EIRDaily origin="monthly">0.3874</EIRDaily>
      <EIRDaily origin="monthly">0.3874</EIRDaily>
      <EIRDaily origin="monthly">0.3874</EIRDaily>
      <EIRDaily origin="monthly">0.3874</EIRDaily>
      <EIRDaily origin="monthly">0.3874</EIRDaily>
      <EIRDaily origin="monthly">0.3874</EIRDaily>
      <EIRDaily origin="monthly">0.3874</EIRDaily>
      <EIRDaily origin="monthly">0.3874</EIRDaily>
      <EIRDaily origin="monthly">0.3874</EIRDaily>
      <EIRDaily origin="monthly">0.3874</EIRDaily>
      <EIRDaily origin="monthly">0.3874</EIRDaily>
      <EIRDaily origin="monthly">0.3874</EIRDaily>
      <EIRDaily origin="monthly">0.3874</EIRDaily>
      <EIRDaily origin="monthly">0.3874</EIRDaily>
      <EIRDaily origin="monthly">0.3874</EIRDaily>
      <EIRDaily origin="monthly">0.3874</EIRDaily>
      <EIRDaily origin="monthly">0.3874</EIRDaily>
      <EIRDaily origin="monthly">0.3874</EIRDaily>
      <EIRDaily origin="monthly">0.3874</EIRDaily>
      <EIRDaily origin="monthly">0.3874</EIRDaily>
      <EIRDaily origin="monthly">0.3874</EIRDaily>
      <EIRDaily origin="monthly">0.3874</EIRDaily>
      <EIRDaily origin="monthly">0.3874</EIRDaily>
      <EIRDaily origin="monthly">0.8485</EIRDaily>
      <EIRDaily origin="monthly">0.8485</EIRDaily>
      <EIRDaily origin="monthly">0.8485</EIRDaily>
      <EIRDaily origin="monthly">0.8485</EIRDaily>
      <EIRDaily origin="monthly">0.8485</EIRDaily>
      <EIRDaily origin="monthly">0.8485</EIRDaily>
      <EIRDaily origin="monthly">0.8485</EIRDaily>
      <EIRDaily origin="monthly">0.8485</EIRDaily>
      <EIRDaily origin="monthly">0.8485</EIRDaily>
      <EIRDaily origin="monthly">0.8485</EIRDaily>
      <EIRDaily origin="monthly">0.8485</EIRDaily>
      <EIRDaily origin="monthly">0.8485</EIRDaily>
      <EIRDaily origin="monthly">0.8485</EIRDaily>
      <EIRDaily origin="monthly">0.8485</EIRDaily>
      <EIRDaily origin="monthly">0.8485</EIRDaily>
      <EIRDaily origin="monthly">0.8485</EIRDaily>
      <EIRDaily origin="monthly">0.8485</EIRDaily>
      <EIRDaily origin="monthly">0.8485</EIRDaily>
      <EIRDaily origin="monthly">0.8485</EIRDaily>
      <EIRDaily origin="monthly">0.8485</EIRDaily>
      <EIRDaily origin="monthly">0.8485</EIRDaily>
      <EIRDaily origin="monthly">0.8485</EIRDaily>
      <EIRDaily origin="monthly">0.8485</EIRDaily>
      <EIRDaily origin="monthly">0.8485</EIRDaily>
      <EIRDaily origin="monthly">0.8485</EIRDaily>
      <EIRDaily origin="monthly">0.8485</EIRDaily>
      <EIRDaily origin="monthly">0.8485</EIRDaily>
      <EIRDaily origin="monthly">0.8485</EIRDaily>
      <EIRDaily origin="monthly">0.8485</EIRDaily>
      <EIRDaily origin="monthly">0.8485</EIRDaily>
      <EIRDaily origin="monthly">0.8485</EIRDaily>
      <EIRDaily origin="monthly">0.3505</EIRDaily>
      <EIRDaily origin="monthly">0.3505</EIRDaily>
      <EIRDaily origin="monthly">0.3505</EIRDaily>
      <EIRDaily origin="monthly">0.3505</EIRDaily>
      <EIRDaily origin="monthly">0.3505</EIRDaily>
      <EIRDaily origin="monthly">0.3505</EIRDaily>
      <EIRDaily origin="monthly">0.3505</EIRDaily>
      <EIRDaily origin="monthly">0.3505</EIRDaily>
      <EIRDaily origin="monthly">0.3505</EIRDaily>
      <EIRDaily origin="monthly">0.3505</EIRDaily>
      <EIRDaily origin="monthly">0.3505</EIRDaily>
      <EIRDaily origin="monthly">0.3505</EIRDaily>
      <EIRDaily origin="monthly">0.3505</EIRDaily>
      <EIRDaily origin="monthly">0.3505</EIRDaily>
      <EIRDaily origin="monthly">0.3505</EIRDaily>
      <EIRDaily origin="monthly">0.3505</EIRDaily>
      <EIRDaily origin="monthly">0.3505</EIRDaily>
      <EIRDaily origin="monthly">0.3505</EIRDaily>
      <EIRDaily origin="monthly">0.3505</EIRDaily>
      <EIRDaily origin="monthly">0.3505</EIRDaily>
      <EIRDaily origin="monthly">0.3505</EIRDaily>
      <EIRDaily origin="monthly">0.3505</EIRDaily>
      <EIRDaily origin="monthly">0.3505</EIRDaily>
      <EIRDaily origin="monthly">0.3505</EIRDaily>
      <EIRDaily origin="monthly">0.3505</EIRDaily>
      <EIRDaily origin="monthly">0.3505</EIRDaily>
      <EIRDaily origin="monthly">0.3505</EIRDaily>
      <EIRDaily origin="monthly">0.3505</EIRDaily>
      <EIRDaily origin="monthly">0.3505</EIRDaily>
      <EIRDaily origin="monthly">0.3505</EIRDaily>
      <EIRDaily origin="monthly">0.1476</EIRDaily>
      <EIRDaily origin="monthly">0.1476</EIRDaily>
      <EIRDaily origin="monthly">0.1476</EIRDaily>
      <EIRDaily origin="monthly">0.1476</EIRDaily>
      <EIRDaily origin="monthly">0.1476</EIRDaily>
      <EIRDaily origin="monthly">0.1476</EIRDaily>
      <EIRDaily origin="monthly">0.1476</EIRDaily>
      <EIRDaily origin="monthly">0.1476</EIRDaily>
      <EIRDaily origin="monthly">0.1476</EIRDaily>
      <EIRDaily origin="monthly">0.1476</EIRDaily>
      <EIRDaily origin="monthly">0.1476</EIRDaily>
      <EIRDaily origin="monthly">0.1476</EIRDaily>
      <EIRDaily origin="monthly">0.1476</EIRDaily>
      <EIRDaily origin="monthly">0.1476</EIRDaily>
      <EIRDaily origin="monthly">0.1476</EIRDaily>
      <EIRDaily origin="monthly">0.1476</EIRDaily>
      <EIRDaily origin="monthly">0.1476</EIRDaily>
      <EIRDaily origin="monthly">0.1476</EIRDaily>
      <EIRDaily origin="monthly">0.1476</EIRDaily>
      <EIRDaily origin="monthly">0.1476</EIRDaily>
      <EIRDaily origin="monthly">0.1476</EIRDaily>
      <EIRDaily origin="monthly">0.1476</EIRDaily>
      <EIRDaily origin="monthly">0.1476</EIRDaily>
      <EIRDaily origin="monthly">0.1476</EIRDaily>
      <EIRDaily origin="monthly">0.1476</EIRDaily>
      <EIRDaily origin="monthly">0.1476</EIRDaily>
      <EIRDaily origin="monthly">0.1476</EIRDaily>
      <EIRDaily origin="monthly">0.1476</EIRDaily>
      <EIRDaily origin="monthly">0.1476</EIRDaily>
      <EIRDaily origin="monthly">0.1476</EIRDaily>
      <EIRDaily origin="monthly">0.0369</EIRDaily>
      <EIRDaily origin="monthly">0.0369</EIRDaily>
      <EIRDaily origin="monthly">0.0369</EIRDaily>
      <EIRDaily origin="monthly">0.0369</EIRDaily>
      <EIRDaily origin="monthly">0.0369</EIRDaily>
      <EIRDaily origin="monthly">0.0369</EIRDaily>
      <EIRDaily origin="monthly">0.0369</EIRDaily>
      <EIRDaily origin="monthly">0.0369</EIRDaily>
      <EIRDaily origin="monthly">0.0369</EIRDaily>
      <EIRDaily origin="monthly">0.0369</EIRDaily>
      <EIRDaily origin="monthly">0.0369</EIRDaily>
      <EIRDaily origin="monthly">0.0369</EIRDaily>
      <EIRDaily origin="monthly">0.0369</EIRDaily>
      <EIRDaily origin="monthly">0.0369</EIRDaily>
      <EIRDaily origin="monthly">0.0369</EIRDaily>
      <EIRDaily origin="monthly">0.0369</EIRDaily>
      <EIRDaily origin="monthly">0.0369</EIRDaily>
      <EIRDaily origin="monthly">0.0369</EIRDaily>
      <EIRDaily origin="monthly">0.0369</EIRDaily>
      <EIRDaily origin="monthly">0.0369</EIRDaily>
      <EIRDaily origin="monthly">0.0369</EIRDaily>
      <EIRDaily origin="monthly">0.0369</EIRDaily>
      <EIRDaily origin="monthly">0.0369</EIRDaily>
      <EIRDaily origin="monthly">0.0369</EIRDaily>
      <EIRDaily origin="monthly">0.0369</EIRDaily>
      <EIRDaily origin="monthly">0.0369</EIRDaily>
      <EIRDaily origin="monthly">0.0369</EIRDaily>
      <EIRDaily origin="monthly">0.0369</EIRDaily>
      <EIRDaily origin="monthly">0.0369</EIRDaily>
      <EIRDaily origin="monthly">0.0369</EIRDaily>
      <EIRDaily origin="monthly">0.0369</EIRDaily>
      <EIRDaily origin="monthly">0.0922</EIRDaily>
      <EIRDaily origin="monthly">0.0922</EIRDaily>
      <EIRDaily origin="monthly">0.0922</EIRDaily>
      <EIRDaily origin="monthly">0.0922</EIRDaily>
      <EIRDaily origin="monthly">0.0922</EIRDaily>
      <EIRDaily origin="monthly">0.0922</EIRDaily>
      <EIRDaily origin="monthly">0.0922</EIRDaily>
      <EIRDaily origin="monthly">0.0922</EIRDaily>
      <EIRDaily origin="monthly">0.0922</EIRDaily>
      <EIRDaily origin="monthly">0.0922</EIRDaily>
      <EIRDaily origin="monthly">0.0922</EIRDaily>
      <EIRDaily origin="monthly">0.0922</EIRDaily>
      <EIRDaily origin="monthly">0.0922</EIRDaily>
      <EIRDaily origin="monthly">0.0922</EIRDaily>
      <EIRDaily origin="monthly">0.0922</EIRDaily>
      <EIRDaily origin="monthly">0.0922</EIRDaily>
      <EIRDaily origin="monthly">0.0922</EIRDaily>
      <EIRDaily origin="monthly">0.0922</EIRDaily>
      <EIRDaily origin="monthly">0.0922</EIRDaily>
      <EIRDaily origin="monthly">0.0922</EIRDaily>
      <EIRDaily origin="monthly">0.0922</EIRDaily>
      <EIRDaily origin="monthly">0.0922</EIRDaily>
      <EIRDaily origin="monthly">0.0922</EIRDaily>
      <EIRDaily origin="monthly">0.0922</EIRDaily>
      <EIRDaily origin="monthly">0.0922</EIRDaily>
      <EIRDaily origin="monthly">0.0922</EIRDaily>
      <EIRDaily origin="monthly">0.0922</EIRDaily>
      <EIRDaily origin="monthly">0.0922</EIRDaily>
      <EIRDaily origin="monthly">0.0922</EIRDaily>
      <EIRDaily origin="monthly">0.0922</EIRDaily>
      <EIRDaily origin="monthly">0.0922</EIRDaily>
      <EIRDaily origin="monthly">0.0922</EIRDaily>
      <EIRDaily origin="monthly">0.0922</EIRDaily>
      <EIRDaily origin="monthly">0.0922</EIRDaily>
      <EIRDaily origin="monthly">0.0922</EIRDaily>
      <EIRDaily origin="monthly">0.0922</EIRDaily>
      <EIRDaily origin="monthly">0.0922</EIRDaily>
      <EIRDaily origin="monthly">0.0922</EIRDaily>
      <EIRDaily origin="monthly">0.0922</EIRDaily>
      <EIRDaily origin="monthly">0.0922</EIRDaily>
      <EIRDaily origin="monthly">0.0922</EIRDaily>
      <EIRDaily origin="monthly">0.0922</EIRDaily>
      <EIRDaily origin="monthly">0.0922</EIRDaily>
      <EIRDaily origin="monthly">0.0922</EIRDaily>
      <EIRDaily origin="monthly">0.0922</EIRDaily>
      <EIRDaily origin="monthly">0.0922</EIRDaily>
      <EIRDaily origin="monthly">0.0922</EIRDaily>
      <EIRDaily origin="monthly">0.0922</EIRDaily>
      <EIRDaily origin="monthly">0.0922</EIRDaily>
      <EIRDaily origin="monthly">0.0922</EIRDaily>
      <EIRDaily origin="monthly">0.0922</EIRDaily>
      <EIRDaily origin="monthly">0.0922</EIRDaily>
      <EIRDaily origin="monthly">0.0922</EIRDaily>
      <EIRDaily origin="monthly">0.0922</EIRDaily>
      <EIRDaily origin="monthly">0.0922</EIRDaily>
      <EIRDaily origin="monthly">0.0922</EIRDaily>
      <EIRDaily origin="monthly">0.0922</EIRDaily>
      <EIRDaily origin="monthly">0.0922</EIRDaily>
      <EIRDaily origin="monthly">0.0922</EIRDaily>
      <EIRDaily origin="monthly">0.0922</EIRDaily>
      <EIRDaily origin="monthly">0.0922</EIRDaily>
      <EIRDaily origin="monthly">0.0553</EIRDaily>
      <EIRDaily origin="monthly">0.0553</EIRDaily>
      <EIRDaily origin="monthly">0.0553</EIRDaily>
      <EIRDaily origin="monthly">0.0553</EIRDaily>
      <EIRDaily origin="monthly">0.0553</EIRDaily>
      <EIRDaily origin="monthly">0.0553</EIRDaily>
      <EIRDaily origin="monthly">0.0553</EIRDaily>
      <EIRDaily origin="monthly">0.0553</EIRDaily>
      <EIRDaily origin="monthly">0.0553</EIRDaily>
      <EIRDaily origin="monthly">0.0553</EIRDaily>
      <EIRDaily origin="monthly">0.0553</EIRDaily>
      <EIRDaily origin="monthly">0.0553</EIRDaily>
      <EIRDaily origin="monthly">0.0553</EIRDaily>
      <EIRDaily origin="monthly">0.0553</EIRDaily>
      <EIRDaily origin="monthly">0.0553</EIRDaily>
      <EIRDaily origin="monthly">0.0553</EIRDaily>
      <EIRDaily origin="monthly">0.0553</EIRDaily>
      <EIRDaily origin="monthly">0.0553</EIRDaily>
      <EIRDaily origin="monthly">0.0553</EIRDaily>
      <EIRDaily origin="monthly">0.0553</EIRDaily>
      <EIRDaily origin="monthly">0.0553</EIRDaily>
      <EIRDaily origin="monthly">0.0553</EIRDaily>
      <EIRDaily origin="monthly">0.0553</EIRDaily>
      <EIRDaily origin="monthly">0.0553</EIRDaily>
      <EIRDaily origin="monthly">0.0553</EIRDaily>
      <EIRDaily origin="monthly">0.0553</EIRDaily>
      <EIRDaily origin="monthly">0.0553</EIRDaily>
      <EIRDaily origin="monthly">0.0553</EIRDaily>
      <EIRDaily origin="monthly">0.0553</EIRDaily>
      <EIRDaily origin="monthly">0.0553</EIRDaily>
      <EIRDaily origin="monthly">0.0184</EIRDaily>
      <EIRDaily origin="monthly">0.0184</EIRDaily>
      <EIRDaily origin="monthly">0.0184</EIRDaily>
      <EIRDaily origin="monthly">0.0184</EIRDaily>
      <EIRDaily origin="monthly">0.0184</EIRDaily>
      <EIRDaily origin="monthly">0.0184</EIRDaily>
      <EIRDaily origin="monthly">0.0184</EIRDaily>
      <EIRDaily origin="monthly">0.0184</EIRDaily>
      <EIRDaily origin="monthly">0.0184</EIRDaily>
      <EIRDaily origin="monthly">0.0184</EIRDaily>
      <EIRDaily origin="monthly">0.0184</EIRDaily>
      <EIRDaily origin="monthly">0.0184</EIRDaily>
      <EIRDaily origin="monthly">0.0184</EIRDaily>
      <EIRDaily origin="monthly">0.0184</EIRDaily>
      <EIRDaily origin="monthly">0.0184</EIRDaily>
      <EIRDaily origin="monthly">0.0184</EIRDaily>
      <EIRDaily origin="monthly">0.0184</EIRDaily>
      <EIRDaily origin="monthly">0.0184</EIRDaily>
      <EIRDaily origin="monthly">0.0184</EIRDaily>
      <EIRDaily origin="monthly">0.0184</EIRDaily>
      <EIRDaily origin="monthly">0.0184</EIRDaily>
      <EIRDaily origin="monthly">0.0184</EIRDaily>
      <EIRDaily origin="monthly">0.0184</EIRDaily>
      <EIRDaily origin="monthly">0.0184</EIRDaily>
      <EIRDaily origin="monthly">0.0184</EIRDaily>
      <EIRDaily origin="monthly">0.0184</EIRDaily>
      <EIRDaily origin="monthly">0.0184</EIRDaily>
      <EIRDaily origin="monthly">0.0184</EIRDaily>
      <EIRDaily origin="monthly">0.0184</EIRDaily>
      <EIRDaily origin="monthly">0.0184</EIRDaily>
      <EIRDaily origin="monthly">0.0738</EIRDaily>
      <EIRDaily origin="monthly">0.0738</EIRDaily>
      <EIRDaily origin="monthly">0.0738</EIRDaily>
      <EIRDaily origin="monthly">0.0738</EIRDaily>
      <EIRDaily origin="monthly">0.0738</EIRDaily>
      <EIRDaily origin="monthly">0.0738</EIRDaily>
      <EIRDaily origin="monthly">0.0738</EIRDaily>
      <EIRDaily origin="monthly">0.0738</EIRDaily>
      <EIRDaily origin="monthly">0.0738</EIRDaily>
      <EIRDaily origin="monthly">0.0738</EIRDaily>
      <EIRDaily origin="monthly">0.0738</EIRDaily>
      <EIRDaily origin="monthly">0.0738</EIRDaily>
      <EIRDaily origin="monthly">0.0738</EIRDaily>
      <EIRDaily origin="monthly">0.0738</EIRDaily>
      <EIRDaily origin="monthly">0.0738</EIRDaily>
      <EIRDaily origin="monthly">0.0738</EIRDaily>
      <EIRDaily origin="monthly">0.0738</EIRDaily>
      <EIRDaily origin="monthly">0.0738</EIRDaily>
      <EIRDaily origin="monthly">0.0738</EIRDaily>
      <EIRDaily origin="monthly">0.0738</EIRDaily>
      <EIRDaily origin="monthly">0.0738</EIRDaily>
      <EIRDaily origin="monthly">0.0738</EIRDaily>
      <EIRDaily origin="monthly">0.0738</EIRDaily>
      <EIRDaily origin="monthly">0.0738</EIRDaily>
      <EIRDaily origin="monthly">0.0738</EIRDaily>
      <EIRDaily origin="monthly">0.0738</EIRDaily>
      <EIRDaily origin="monthly">0.0738</EIRDaily>
      <EIRDaily origin="monthly">0.0738</EIRDaily>
      <EIRDaily origin="monthly">0.0738</EIRDaily>
      <EIRDaily origin="monthly">0.0738</EIRDaily>
      <EIRDaily origin="monthly">0.0738</EIRDaily>
      <EIRDaily origin="monthly">0.0738</EIRDaily>
      <EIRDaily origin="monthly">0.0738</EIRDaily>
      <EIRDaily origin="monthly">0.0738</EIRDaily>
      <EIRDaily origin="monthly">0.0738</EIRDaily>
      <EIRDaily origin="monthly">0.0738</EIRDaily>
      <EIRDaily origin="monthly">0.0738</EIRDaily>
      <EIRDaily origin="monthly">0.0738</EIRDaily>
      <EIRDaily origin="monthly">0.0738</EIRDaily>
      <EIRDaily origin="monthly">0.0738</EIRDaily>
      <EIRDaily origin="monthly">0.0738</EIRDaily>
      <EIRDaily origin="monthly">0.0738</EIRDaily>
      <EIRDaily origin="monthly">0.0738</EIRDaily>
      <EIRDaily origin="monthly">0.0738</EIRDaily>
      <EIRDaily origin="monthly">0.0738</EIRDaily>
      <EIRDaily origin="monthly">0.0738</EIRDaily>
      <EIRDaily origin="monthly">0.0738</EIRDaily>
      <EIRDaily origin="monthly">0.0738</EIRDaily>
      <EIRDaily origin="monthly">0.0738</EIRDaily>
      <EIRDaily origin="monthly">0.0738</EIRDaily>
      <EIRDaily origin="monthly">0.0738</EIRDaily>
      <EIRDaily origin="monthly">0.0738</EIRDaily>
      <EIRDaily origin="monthly">0.0738</EIRDaily>
      <EIRDaily origin="monthly">0.0738</EIRDaily>
      <EIRDaily origin="monthly">0.0738</EIRDaily>
      <EIRDaily origin="monthly">0.0738</EIRDaily>
      <EIRDaily origin="monthly">0.0738</EIRDaily>
      <EIRDaily origin="monthly">0.0738</EIRDaily>
      <EIRDaily origin="monthly">0.0738</EIRDaily>
      <EIRDaily origin="monthly">0.0738</EIRDaily>
      <EIRDaily origin="monthly">0.0738</EIRDaily>
      <EIRDaily origin="monthly">0.3874</EIRDaily>
      <EIRDaily origin="monthly">0.3874</EIRDaily>
      <EIRDaily origin="monthly">0.3874</EIRDaily>
      <EIRDaily origin="monthly">0.3874</EIRDaily>
      <EIRDaily origin="monthly">0.3874</EIRDaily>
      <EIRDaily origin="monthly">0.3874</EIRDaily>
      <EIRDaily origin="monthly">0.3874</EIRDaily>
      <EIRDaily origin="monthly">0.3874</EIRDaily>
      <EIRDaily origin="monthly">0.3874</EIRDaily>
      <EIRDaily origin="monthly">0.3874</EIRDaily>
      <EIRDaily origin="monthly">0.3874</EIRDaily>
      <EIRDaily origin="monthly">0.3874</EIRDaily>
      <EIRDaily origin="monthly">0.3874</EIRDaily>
      <EIRDaily origin="monthly">0.3874</EIRDaily>
      <EIRDaily origin="monthly">0.3874</EIRDaily>
      <EIRDaily origin="monthly">0.3874</EIRDaily>
      <EIRDaily origin="monthly">0.3874</EIRDaily>
      <EIRDaily origin="monthly">0.3874</EIRDaily>
      <EIRDaily origin="monthly">0.3874</EIRDaily>
      <EIRDaily origin="monthly">0.3874</EIRDaily>
      <EIRDaily origin="monthly">0.3874</EIRDaily>
      <EIRDaily origin="monthly">0.3874</EIRDaily>
      <EIRDaily origin="monthly">0.3874</EIRDaily>
      <EIRDaily origin="monthly">0.3874</EIRDaily>
      <EIRDaily origin="monthly">0.3874</EIRDaily>
      <EIRDaily origin="monthly">0.3874</EIRDaily>
      <EIRDaily origin="monthly">0.3874</EIRDaily>
      <EIRDaily origin="monthly">0.3874</EIRDaily>
      <EIRDaily origin="monthly">0.3874</EIRDaily>
      <EIRDaily origin="monthly">0.3874</EIRDaily>
      <EIRDaily origin="monthly">0.3874</EIRDaily>
      <EIRDaily origin="monthly">1.6417</EIRDaily>
      <EIRDaily origin="monthly">1.6417</EIRDaily>
      <EIRDaily origin="monthly">1.6417</EIRDaily>
      <EIRDaily origin="monthly">1.6417</EIRDaily>
      <EIRDaily origin="monthly">1.6417</EIRDaily>
      <EIRDaily origin="monthly">1.6417</EIRDaily>
      <EIRDaily origin="monthly">1.6417</EIRDaily>
      <EIRDaily origin="monthly">1.6417</EIRDaily>
      <EIRDaily origin="monthly">1.6417</EIRDaily>
      <EIRDaily origin="monthly">1.6417</EIRDaily>
      <EIRDaily origin="monthly">1.6417</EIRDaily>
      <EIRDaily origin="monthly">1.6417</EIRDaily>
      <EIRDaily origin="monthly">1.6417</EIRDaily>
      <EIRDaily origin="monthly">1.6417</EIRDaily>
      <EIRDaily origin="monthly">1.6417</EIRDaily>
      <EIRDaily origin="monthly">1.6417</EIRDaily>
      <EIRDaily origin="monthly">1.6417</EIRDaily>
      <EIRDaily origin="monthly">1.6417</EIRDaily>
      <EIRDaily origin="monthly">1.6417</EIRDaily>
      <EIRDaily origin="monthly">1.6417</EIRDaily>
      <EIRDaily origin="monthly">1.6417</EIRDaily>
      <EIRDaily origin="monthly">1.6417</EIRDaily>
      <EIRDaily origin="monthly">1.6417</EIRDaily>
      <EIRDaily origin="monthly">1.6417</EIRDaily>
      <EIRDaily origin="monthly">1.6417</EIRDaily>
      <EIRDaily origin="monthly">1.6417</EIRDaily>
      <EIRDaily origin="monthly">1.6417</EIRDaily>
      <EIRDaily origin="monthly">1.6417</EIRDaily>
      <EIRDaily origin="monthly">1.6417</EIRDaily>
      <EIRDaily origin="monthly">1.6417</EIRDaily>
      <EIRDaily origin="monthly">1.3096</EIRDaily>
      <EIRDaily origin="monthly">1.3096</EIRDaily>
      <EIRDaily origin="monthly">1.3096</EIRDaily>
      <EIRDaily origin="monthly">1.3096</EIRDaily>
      <EIRDaily origin="monthly">1.3096</EIRDaily>
      <EIRDaily origin="monthly">1.3096</EIRDaily>
      <EIRDaily origin="monthly">1.3096</EIRDaily>
      <EIRDaily origin="monthly">1.3096</EIRDaily>
      <EIRDaily origin="monthly">1.3096</EIRDaily>
      <EIRDaily origin="monthly">1.3096</EIRDaily>
      <EIRDaily origin="monthly">1.3096</EIRDaily>
      <EIRDaily origin="monthly">1.3096</EIRDaily>
      <EIRDaily origin="monthly">1.3096</EIRDaily>
      <EIRDaily origin="monthly">1.3096</EIRDaily>
      <EIRDaily origin="monthly">1.3096</EIRDaily>
      <EIRDaily origin="monthly">1.3096</EIRDaily>
      <EIRDaily origin="monthly">1.3096</EIRDaily>
      <EIRDaily origin="monthly">1.3096</EIRDaily>
      <EIRDaily origin="monthly">1.3096</EIRDaily>
      <EIRDaily origin="monthly">1.3096</EIRDaily>
      <EIRDaily origin="monthly">1.3096</EIRDaily>
      <EIRDaily origin="monthly">1.3096</EIRDaily>
      <EIRDaily origin="monthly">1.3096</EIRDaily>
      <EIRDaily origin="monthly">1.3096</EIRDaily>
      <EIRDaily origin="monthly">1.3096</EIRDaily>
      <EIRDaily origin="monthly">1.3096</EIRDaily>
      <EIRDaily origin="monthly">1.3096</EIRDaily>
      <EIRDaily origin="monthly">1.3096</EIRDaily>
      <EIRDaily origin="monthly">1.3096</EIRDaily>
      <EIRDaily origin="monthly">1.3096</EIRDaily>
      <EIRDaily origin="monthly">2.1397</EIRDaily>
      <EIRDaily origin="monthly">2.1397</EIRDaily>
      <EIRDaily origin="monthly">2.1397</EIRDaily>
      <EIRDaily origin="monthly">2.1397</EIRDaily>
      <EIRDaily origin="monthly">2.1397</EIRDaily>
      <EIRDaily origin="monthly">2.1397</EIRDaily>
      <EIRDaily origin="monthly">2.1397</EIRDaily>
      <EIRDaily origin="monthly">2.1397</EIRDaily>
      <EIRDaily origin="monthly">2.1397</EIRDaily>
      <EIRDaily origin="monthly">2.1397</EIRDaily>
      <EIRDaily origin="monthly">2.1397</EIRDaily>
      <EIRDaily origin="monthly">2.1397</EIRDaily>
      <EIRDaily origin="monthly">2.1397</EIRDaily>
      <EIRDaily origin="monthly">2.1397</EIRDaily>
      <EIRDaily origin="monthly">2.1397</EIRDaily>
      <EIRDaily origin="monthly">2.1397</EIRDaily>
      <EIRDaily origin="monthly">2.1397</EIRDaily>
      <EIRDaily origin="monthly">2.1397</EIRDaily>
      <EIRDaily origin="monthly">2.1397</EIRDaily>
      <EIRDaily origin="monthly">2.1397</EIRDaily>
      <EIRDaily origin="monthly">2.1397</EIRDaily>
      <EIRDaily origin="monthly">2.1397</EIRDaily>
      <EIRDaily origin="monthly">2.1397</EIRDaily>
      <EIRDaily origin="monthly">2.1397</EIRDaily>
      <EIRDaily origin="monthly">2.1397</EIRDaily>
      <EIRDaily origin="monthly">2.1397</EIRDaily>
      <EIRDaily origin="monthly">2.1397</EIRDaily>
      <EIRDaily origin="monthly">2.1397</EIRDaily>
      <EIRDaily origin="monthly">2.1397</EIRDaily>
      <EIRDaily origin="monthly">2.1397</EIRDaily>
      <EIRDaily origin="monthly">2.1397</EIRDaily>
      <EIRDaily origin="monthly">0.5349</EIRDaily>
      <EIRDaily origin="monthly">0.5349</EIRDaily>
      <EIRDaily origin="monthly">0.5349</EIRDaily>
      <EIRDaily origin="monthly">0.5349</EIRDaily>
      <EIRDaily origin="monthly">0.5349</EIRDaily>
      <EIRDaily origin="monthly">0.5349</EIRDaily>
      <EIRDaily origin="monthly">0.5349</EIRDaily>
      <EIRDaily origin="monthly">0.5349</EIRDaily>
      <EIRDaily origin="monthly">0.5349</EIRDaily>
      <EIRDaily origin="monthly">0.5349</EIRDaily>
      <EIRDaily origin="monthly">0.5349</EIRDaily>
      <EIRDaily origin="monthly">0.5349</EIRDaily>
      <EIRDaily origin="monthly">0.5349</EIRDaily>
      <EIRDaily origin="monthly">0.5349</EIRDaily>
      <EIRDaily origin="monthly">0.5349</EIRDaily>
      <EIRDaily origin="monthly">0.5349</EIRDaily>
      <EIRDaily origin="monthly">0.5349</EIRDaily>
      <EIRDaily origin="monthly">0.5349</EIRDaily>
      <EIRDaily origin="monthly">0.5349</EIRDaily>
      <EIRDaily origin="monthly">0.5349</EIRDaily>
      <EIRDaily origin="monthly">0.5349</EIRDaily>
      <EIRDaily origin="monthly">0.5349</EIRDaily>
      <EIRDaily origin="monthly">0.5349</EIRDaily>
      <EIRDaily origin="monthly">0.5349</EIRDaily>
      <EIRDaily origin="monthly">0.5349</EIRDaily>
      <EIRDaily origin="monthly">0.5349</EIRDaily>
      <EIRDaily origin="monthly">0.5349</EIRDaily>
      <EIRDaily origin="monthly">0.5349</EIRDaily>
      <EIRDaily origin="monthly">0.5349</EIRDaily>
      <EIRDaily origin="monthly">0.5349</EIRDaily>
      <EIRDaily origin="monthly">0.4796</EIRDaily>
      <EIRDaily origin="monthly">0.4796</EIRDaily>
      <EIRDaily origin="monthly">0.4796</EIRDaily>
      <EIRDaily origin="monthly">0.4796</EIRDaily>
      <EIRDaily origin="monthly">0.4796</EIRDaily>
      <EIRDaily origin="monthly">0.4796</EIRDaily>
      <EIRDaily origin="monthly">0.4796</EIRDaily>
      <EIRDaily origin="monthly">0.4796</EIRDaily>
      <EIRDaily origin="monthly">0.4796</EIRDaily>
      <EIRDaily origin="monthly">0.4796</EIRDaily>
      <EIRDaily origin="monthly">0.4796</EIRDaily>
      <EIRDaily origin="monthly">0.4796</EIRDaily>
      <EIRDaily origin="monthly">0.4796</EIRDaily>
      <EIRDaily origin="monthly">0.4796</EIRDaily>
      <EIRDaily origin="monthly">0.4796</EIRDaily>
      <EIRDaily origin="monthly">0.4796</EIRDaily>
      <EIRDaily origin="monthly">0.4796</EIRDaily>
      <EIRDaily origin="monthly">0.4796</EIRDaily>
      <EIRDaily origin="monthly">0.4796</EIRDaily>
      <EIRDaily origin="monthly">0.4796</EIRDaily>
      <EIRDaily origin="monthly">0.4796</EIRDaily>
      <EIRDaily origin="monthly">0.4796</EIRDaily>
      <EIRDaily origin="monthly">0.4796</EIRDaily>
      <EIRDaily origin="monthly">0.4796</EIRDaily>
      <EIRDaily origin="monthly">0.4796</EIRDaily>
      <EIRDaily origin="monthly">0.4796</EIRDaily>
      <EIRDaily origin="monthly">0.4796</EIRDaily>
      <EIRDaily origin="monthly">0.4796</EIRDaily>
      <EIRDaily origin="monthly">0.4796</EIRDaily>
      <EIRDaily origin="monthly">0.4796</EIRDaily>
      <EIRDaily origin="monthly">0.4796</EIRDaily>
      <EIRDaily origin="monthly">0.4796</EIRDaily>
      <EIRDaily origin="monthly">0.4796</EIRDaily>
      <EIRDaily origin="monthly">0.4796</EIRDaily>
      <EIRDaily origin="monthly">0.4796</EIRDaily>
      <EIRDaily origin="monthly">0.4796</EIRDaily>
      <EIRDaily origin="monthly">0.4796</EIRDaily>
      <EIRDaily origin="monthly">0.4796</EIRDaily>
      <EIRDaily origin="monthly">0.4796</EIRDaily>
      <EIRDaily origin="monthly">0.4796</EIRDaily>
      <EIRDaily origin="monthly">0.4796</EIRDaily>
      <EIRDaily origin="monthly">0.4796</EIRDaily>
      <EIRDaily origin="monthly">0.4796</EIRDaily>
      <EIRDaily origin="monthly">0.4796</EIRDaily>
      <EIRDaily origin="monthly">0.4796</EIRDaily>
      <EIRDaily origin="monthly">0.4796</EIRDaily>
      <EIRDaily origin="monthly">0.4796</EIRDaily>
      <EIRDaily origin="monthly">0.4796</EIRDaily>
      <EIRDaily origin="monthly">0.4796</EIRDaily>
      <EIRDaily origin="monthly">0.4796</EIRDaily>
      <EIRDaily origin="monthly">0.4796</EIRDaily>
      <EIRDaily origin="monthly">0.4796</EIRDaily>
      <EIRDaily origin="monthly">0.4796</EIRDaily>
      <EIRDaily origin="monthly">0.4796</EIRDaily>
      <EIRDaily origin="monthly">0.4796</EIRDaily>
      <EIRDaily origin="monthly">0.4796</EIRDaily>
      <EIRDaily origin="monthly">0.4796</EIRDaily>
      <EIRDaily origin="monthly">0.4796</EIRDaily>
      <EIRDaily origin="monthly">0.4796</EIRDaily>
      <EIRDaily origin="monthly">0.4796</EIRDaily>
      <EIRDaily origin="monthly">0.4796</EIRDaily>
      <EIRDaily origin="monthly">0.7009</EIRDaily>
      <EIRDaily origin="monthly">0.7009</EIRDaily>
      <EIRDaily origin="monthly">0.7009</EIRDaily>
      <EIRDaily origin="monthly">0.7009</EIRDaily>
      <EIRDaily origin="monthly">0.7009</EIRDaily>
      <EIRDaily origin="monthly">0.7009</EIRDaily>
      <EIRDaily origin="monthly">0.7009</EIRDaily>
      <EIRDaily origin="monthly">0.7009</EIRDaily>
      <EIRDaily origin="monthly">0.7009</EIRDaily>
      <EIRDaily origin="monthly">0.7009</EIRDaily>
      <EIRDaily origin="monthly">0.7009</EIRDaily>
      <EIRDaily origin="monthly">0.7009</EIRDaily>
      <EIRDaily origin="monthly">0.7009</EIRDaily>
      <EIRDaily origin="monthly">0.7009</EIRDaily>
      <EIRDaily origin="monthly">0.7009</EIRDaily>
      <EIRDaily origin="monthly">0.7009</EIRDaily>
      <EIRDaily origin="monthly">0.7009</EIRDaily>
      <EIRDaily origin="monthly">0.7009</EIRDaily>
      <EIRDaily origin="monthly">0.7009</EIRDaily>
      <EIRDaily origin="monthly">0.7009</EIRDaily>
      <EIRDaily origin="monthly">0.7009</EIRDaily>
      <EIRDaily origin="monthly">0.7009</EIRDaily>
      <EIRDaily origin="monthly">0.7009</EIRDaily>
      <EIRDaily origin="monthly">0.7009</EIRDaily>
      <EIRDaily origin="monthly">0.7009</EIRDaily>
      <EIRDaily origin="monthly">0.7009</EIRDaily>
      <EIRDaily origin="monthly">0.7009</EIRDaily>
      <EIRDaily origin="monthly">0.7009</EIRDaily>
      <EIRDaily origin="monthly">0.7009</EIRDaily>
      <EIRDaily origin="monthly">0.7009</EIRDaily>
      <EIRDaily origin="monthly">0.6640</EIRDaily>
      <EIRDaily origin="monthly">0.6640</EIRDaily>
      <EIRDaily origin="monthly">0.6640</EIRDaily>
      <EIRDaily origin="monthly">0.6640</EIRDaily>
      <EIRDaily origin="monthly">0.6640</EIRDaily>
      <EIRDaily origin="monthly">0.6640</EIRDaily>
      <EIRDaily origin="monthly">0.6640</EIRDaily>
      <EIRDaily origin="monthly">0.6640</EIRDaily>
      <EIRDaily origin="monthly">0.6640</EIRDaily>
      <EIRDaily origin="monthly">0.6640</EIRDaily>
      <EIRDaily origin="monthly">0.6640</EIRDaily>
      <EIRDaily origin="monthly">0.6640</EIRDaily>
      <EIRDaily origin="monthly">0.6640</EIRDaily>
      <EIRDaily origin="monthly">0.6640</EIRDaily>
      <EIRDaily origin="monthly">0.6640</EIRDaily>
      <EIRDaily origin="monthly">0.6640</EIRDaily>
      <EIRDaily origin="monthly">0.6640</EIRDaily>
      <EIRDaily origin="monthly">0.6640</EIRDaily>
      <EIRDaily origin="monthly">0.6640</EIRDaily>
      <EIRDaily origin="monthly">0.6640</EIRDaily>
      <EIRDaily origin="monthly">0.6640</EIRDaily>
      <EIRDaily origin="monthly">0.6640</EIRDaily>
      <EIRDaily origin="monthly">0.6640</EIRDaily>
      <EIRDaily origin="monthly">0.6640</EIRDaily>
      <EIRDaily origin="monthly">0.6640</EIRDaily>
      <EIRDaily origin="monthly">0.6640</EIRDaily>
      <EIRDaily origin="monthly">0.6640</EIRDaily>
      <EIRDaily origin="monthly">0.6640</EIRDaily>
      <EIRDaily origin="monthly">0.6640</EIRDaily>
      <EIRDaily origin="monthly">0.6640</EIRDaily>
      <EIRDaily origin="monthly">0.6640</EIRDaily>
      <EIRDaily origin="monthly">0.4242</EIRDaily>
      <EIRDaily origin="monthly">0.4242</EIRDaily>
      <EIRDaily origin="monthly">0.4242</EIRDaily>
      <EIRDaily origin="monthly">0.4242</EIRDaily>
      <EIRDaily origin="monthly">0.4242</EIRDaily>
      <EIRDaily origin="monthly">0.4242</EIRDaily>
      <EIRDaily origin="monthly">0.4242</EIRDaily>
      <EIRDaily origin="monthly">0.4242</EIRDaily>
      <EIRDaily origin="monthly">0.4242</EIRDaily>
      <EIRDaily origin="monthly">0.4242</EIRDaily>
      <EIRDaily origin="monthly">0.4242</EIRDaily>
      <EIRDaily origin="monthly">0.4242</EIRDaily>
      <EIRDaily origin="monthly">0.4242</EIRDaily>
      <EIRDaily origin="monthly">0.4242</EIRDaily>
      <EIRDaily origin="monthly">0.4242</EIRDaily>
      <EIRDaily origin="monthly">0.4242</EIRDaily>
      <EIRDaily origin="monthly">0.4242</EIRDaily>
      <EIRDaily origin="monthly">0.4242</EIRDaily>
      <EIRDaily origin="monthly">0.4242</EIRDaily>
      <EIRDaily origin="monthly">0.4242</EIRDaily>
      <EIRDaily origin="monthly">0.4242</EIRDaily>
      <EIRDaily origin="monthly">0.4242</EIRDaily>
      <EIRDaily origin="monthly">0.4242</EIRDaily>
      <EIRDaily origin="monthly">0.4242</EIRDaily>
      <EIRDaily origin="monthly">0.4242</EIRDaily>
      <EIRDaily origin="monthly">0.4242</EIRDaily>
      <EIRDaily origin="monthly">0.4242</EIRDaily>
      <EIRDaily origin="monthly">0.4242</EIRDaily>
      <EIRDaily origin="monthly">0.4242</EIRDaily>
      <EIRDaily origin="monthly">0.4242</EIRDaily>
      <EIRDaily origin="monthly">0.3136</EIRDaily>
      <EIRDaily origin="monthly">0.3136</EIRDaily>
      <EIRDaily origin="monthly">0.3136</EIRDaily>
      <EIRDaily origin="monthly">0.3136</EIRDaily>
      <EIRDaily origin="monthly">0.3136</EIRDaily>
      <EIRDaily origin="monthly">0.3136</EIRDaily>
      <EIRDaily origin="monthly">0.3136</EIRDaily>
      <EIRDaily origin="monthly">0.3136</EIRDaily>
      <EIRDaily origin="monthly">0.3136</EIRDaily>
      <EIRDaily origin="monthly">0.3136</EIRDaily>
      <EIRDaily origin="monthly">0.3136</EIRDaily>
      <EIRDaily origin="monthly">0.3136</EIRDaily>
      <EIRDaily origin="monthly">0.3136</EIRDaily>
      <EIRDaily origin="monthly">0.3136</EIRDaily>
      <EIRDaily origin="monthly">0.3136</EIRDaily>
      <EIRDaily origin="monthly">0.3136</EIRDaily>
      <EIRDaily origin="monthly">0.3136</EIRDaily>
      <EIRDaily origin="monthly">0.3136</EIRDaily>
      <EIRDaily origin="monthly">0.3136</EIRDaily>
      <EIRDaily origin="monthly">0.3136</EIRDaily>
      <EIRDaily origin="monthly">0.3136</EIRDaily>
      <EIRDaily origin="monthly">0.3136</EIRDaily>
      <EIRDaily origin="monthly">0.3136</EIRDaily>
      <EIRDaily origin="monthly">0.3136</EIRDaily>
      <EIRDaily origin="monthly">0.3136</EIRDaily>
      <EIRDaily origin="monthly">0.3136</EIRDaily>
      <EIRDaily origin="monthly">0.3136</EIRDaily>
      <EIRDaily origin="monthly">0.3136</EIRDaily>
      <EIRDaily origin="monthly">0.3136</EIRDaily>
      <EIRDaily origin="monthly">0.3136</EIRDaily>
      <EIRDaily origin="monthly">0.3136</EIRDaily>
      <EIRDaily origin="monthly">0.1107</EIRDaily>
      <EIRDaily origin="monthly">0.1107</EIRDaily>
      <EIRDaily origin="monthly">0.1107</EIRDaily>
      <EIRDaily origin="monthly">0.1107</EIRDaily>
      <EIRDaily origin="monthly">0.1107</EIRDaily>
      <EIRDaily origin="monthly">0.1107</EIRDaily>
      <EIRDaily origin="monthly">0.1107</EIRDaily>
      <EIRDaily origin="monthly">0.1107</EIRDaily>
      <EIRDaily origin="monthly">0.1107</EIRDaily>
      <EIRDaily origin="monthly">0.1107</EIRDaily>
      <EIRDaily origin="monthly">0.1107</EIRDaily>
      <EIRDaily origin="monthly">0.1107</EIRDaily>
      <EIRDaily origin="monthly">0.1107</EIRDaily>
      <EIRDaily origin="monthly">0.1107</EIRDaily>
      <EIRDaily origin="monthly">0.1107</EIRDaily>
      <EIRDaily origin="monthly">0.1107</EIRDaily>
      <EIRDaily origin="monthly">0.1107</EIRDaily>
      <EIRDaily origin="monthly">0.1107</EIRDaily>
      <EIRDaily origin="monthly">0.1107</EIRDaily>
      <EIRDaily origin="monthly">0.1107</EIRDaily>
      <EIRDaily origin="monthly">0.1107</EIRDaily>
      <EIRDaily origin="monthly">0.1107</EIRDaily>
      <EIRDaily origin="monthly">0.1107</EIRDaily>
      <EIRDaily origin="monthly">0.1107</EIRDaily>
      <EIRDaily origin="monthly">0.1107</EIRDaily>
      <EIRDaily origin="monthly">0.1107</EIRDaily>
      <EIRDaily origin="monthly">0.1107</EIRDaily>
      <EIRDaily origin="monthly">0.1107</EIRDaily>
      <EIRDaily origin="monthly">0.1107</EIRDaily>
      <EIRDaily origin="monthly">0.1107</EIRDaily>
      <EIRDaily origin="monthly">0.1291</EIRDaily>
      <EIRDaily origin="monthly">0.1291</EIRDaily>
      <EIRDaily origin="monthly">0.1291</EIRDaily>
      <EIRDaily origin="monthly">0.1291</EIRDaily>
      <EIRDaily origin="monthly">0.1291</EIRDaily>
      <EIRDaily origin="monthly">0.1291</EIRDaily>
      <EIRDaily origin="monthly">0.1291</EIRDaily>
      <EIRDaily origin="monthly">0.1291</EIRDaily>
      <EIRDaily origin="monthly">0.1291</EIRDaily>
      <EIRDaily origin="monthly">0.1291</EIRDaily>
      <EIRDaily origin="monthly">0.1291</EIRDaily>
      <EIRDaily origin="monthly">0.1291</EIRDaily>
      <EIRDaily origin="monthly">0.1291</EIRDaily>
      <EIRDaily origin="monthly">0.1291</EIRDaily>
      <EIRDaily origin="monthly">0.1291</EIRDaily>
      <EIRDaily origin="monthly">0.1291</EIRDaily>
      <EIRDaily origin="monthly">0.1291</EIRDaily>
      <EIRDaily origin="monthly">0.1291</EIRDaily>
      <EIRDaily origin="monthly">0.1291</EIRDaily>
      <EIRDaily origin="monthly">0.1291</EIRDaily>
      <EIRDaily origin="monthly">0.1291</EIRDaily>
      <EIRDaily origin="monthly">0.1291</EIRDaily>
      <EIRDaily origin="monthly">0.1291</EIRDaily>
      <EIRDaily origin="monthly">0.1291</EIRDaily>
      <EIRDaily origin="monthly">0.1291</EIRDaily>
      <EIRDaily origin="monthly">0.1291</EIRDaily>
      <EIRDaily origin="monthly">0.1291</EIRDaily>
      <EIRDaily origin="monthly">0.1291</EIRDaily>
      <EIRDaily origin="monthly">0.1291</EIRDaily>
      <EIRDaily origin="monthly">0.1291</EIRDaily>
      <EIRDaily origin="monthly">0.1291</EIRDaily>
      <EIRDaily origin="monthly">0.1291</EIRDaily>
    </nonVector>
  </entoData>
  <drugDescription>
    <drug abbrev="MF">
      <PD>
        <allele name="sensitive (rename)">
          <initial_frequency>1</initial_frequency>
          <max_killing_rate>3.45</max_killing_rate>
          <IC50>0.6654</IC50>
          <slope>2.5</slope>
        </allele>
      </PD>
      <PK>
        <negligible_concentration>0.006654</negligible_concentration>
        <half_life>19.254</half_life>
        <vol_dist>20.8</vol_dist>
      </PK>
    </drug>
  </drugDescription>
  
<model>
  <ModelOptions>
    <option name="DUMMY_WITHIN_HOST_MODEL" value="true"/>
    <option name="INCLUDES_PK_PD" value="true"/>
    <option name="CLINICAL_EVENT_SCHEDULER" value="true"/>
  </ModelOptions>
  <clinical healthSystemMemory="28"/>
  <parameters delta="0.000547945205479452" interval="1" iseed="1" latentp="3">
    <parameter include="false" name="'-ln(1-Sinf)'" number="1" value="0.0507360000000001"/>
    <parameter include="false" name="Estar" number="2" value="0.03247"/>
    <parameter include="false" name="Simm" number="3" value="0.138161050830301"/>
    <parameter include="false" name="Xstar_p" number="4" value="1514.3858532337"/>
    <parameter include="false" name="gamma_p" number="5" value="2.03692533424484"/>
    <parameter include="false" name="sigma2i" number="6" value="10.1735986985258"/>
    <parameter include="false" name="CumulativeYstar" number="7" value="35158523.3113251"/>
    <parameter include="false" name="CumulativeHstar" number="8" value="97.3346527238977"/>
    <parameter include="false" name="'-ln(1-alpha_m)'" number="9" value="2.33031045876193"/>
    <parameter include="false" name="decay_m" number="10" value="2.53106547375805"/>
    <parameter include="false" name="sigma2_0" number="11" value="0.655747311168152"/>
    <parameter include="false" name="Xstar_v" number="12" value="0.916181104713054"/>
    <parameter include="false" name="Ystar2" number="13" value="6502.26335600001"/>
    <parameter include="false" name="alpha" number="14" value="142601.91252"/>
    <parameter include="false" name="Density bias (non Garki)" number="15" value="0.177378570987455"/>
    <parameter include="false" name="No Use 1" number="16" value="1"/>
    <parameter include="false" name="log oddsr CF community" number="17" value="0.736202"/>
    <parameter include="false" name="Indirect risk cofactor" number="18" value="0.018777338"/>
    <parameter include="false" name="Non-malaria infant mortality" number="19" value="49.5390466"/>
    <parameter include="false" name="Density bias (Garki)" number="20" value="4.79610772546704"/>
    <parameter include="false" name="Severe Malaria Threshhold" number="21" value="784455.6"/>
    <parameter include="false" name="Immunity Penalty" number="22" value="1"/>
    <parameter include="false" name="Immune effector decay" number="23" value="0"/>
    <parameter include="false" name="comorbidity intercept" number="24" value="0.0968"/>
    <parameter include="false" name="Ystar half life" number="25" value="0.275437402"/>
    <parameter include="false" name="Ystar1" number="26" value="0.596539864"/>
    <parameter include="false" name="Asexual immunity decay" number="27" value="0"/>
    <parameter include="false" name="Ystar0" number="28" value="296.3024379"/>
    <parameter include="false" name="Idete multiplier" number="29" value="2.797523626"/>
    <parameter include="false" name="critical age for comorbidity" number="30" value="0.117383"/>
  </parameters>
</model>
</scenario>
