<?xml version="1.0" encoding="UTF-8" standalone="no"?><scenario xmlns:xsi="http://www.w3.org/2001/XMLSchema-instance" analysisNo="90" assimMode="0" maximumAgeYrs="90" mode="4" name="triple correlated heterogeneity" popSize="200" schemaVersion="17" wuID="0" xsi:noNamespaceSchemaLocation="scenario_17.xsd">
  <demography name="Ifakara">
    <ageGroup lowerbound="0.0">
      <group poppercent="3.474714994" upperbound="1"/>
      <group poppercent="12.76004028" upperbound="5"/>
      <group poppercent="14.52151394" upperbound="10"/>
      <group poppercent="12.75565434" upperbound="15"/>
      <group poppercent="10.83632374" upperbound="20"/>
      <group poppercent="8.393312454" upperbound="25"/>
      <group poppercent="7.001421452" upperbound="30"/>
      <group poppercent="5.800587654" upperbound="35"/>
      <group poppercent="5.102136612" upperbound="40"/>
      <group poppercent="4.182561874" upperbound="45"/>
      <group poppercent="3.339409351" upperbound="50"/>
      <group poppercent="2.986112356" upperbound="55"/>
      <group poppercent="2.555766582" upperbound="60"/>
      <group poppercent="2.332763433" upperbound="65"/>
      <group poppercent="1.77400255" upperbound="70"/>
      <group poppercent="1.008525491" upperbound="75"/>
      <group poppercent="0.74167341" upperbound="80"/>
      <group poppercent="0.271863401" upperbound="85"/>
      <group poppercent="0.161614642" upperbound="90"/>
    </ageGroup>
  </demography>
  <monitoring name="Sugungum Preintervention">
    <SurveyOptions><option name="nHost" value="true"/><option name="nPatent" value="true"/><option name="nTreatments1" value="true"/><option name="nTreatments2" value="true"/><option name="nTreatments3" value="true"/><option name="nUncomp" value="true"/><option name="nSevere" value="true"/><option name="nIndDeaths" value="true"/><option name="nDirDeaths" value="true"/></SurveyOptions><surveys detectionLimit="2">
      <surveyTime>290</surveyTime>
    </surveys>
    <ageGroup lowerbound="0.0">
      <group upperbound="10"/>
      <group upperbound="99"/>
    </ageGroup>
  </monitoring>
  <interventions name="No Intervention">
  </interventions>
  
  <!-- entoData did have attribute firstDay="18" which is obsolete.
       But has this been accounted for in EIRDaily data? -->
  <healthSystem><ImmediateOutcomes name="treatment20">
    <drugRegimen firstLine="CQ" inpatient="CQ" secondLine="CQ"/>
    <initialACR>
      <CQ value="0"/>
      <SP value="0"/>
      <AQ value="0"/>
      <ACT value="0"/>
      <QN value="0"/>
      <selfTreatment value="0"/>
    </initialACR>
    <compliance>
      <CQ value="0"/>
      <SP value="0"/>
      <AQ value="0"/>
      <ACT value="0"/>
      <QN value="0"/>
      <selfTreatment value="0"/>
    </compliance>
    <nonCompliersEffective>
      <CQ value="0"/>
      <SP value="0"/>
      <AQ value="0"/>
      <ACT value="0"/>
      <QN value="0"/>
      <selfTreatment value="0"/>
    </nonCompliersEffective>
    <pSeekOfficialCareUncomplicated1 value="0.2"/>
    <pSelfTreatUncomplicated value="0"/>
    <pSeekOfficialCareUncomplicated2 value="0.2"/>
    <pSeekOfficialCareSevere value="0.48"/>
    <pSequelaeInpatient>
      <item maxAgeYrs="5" value="0.0132"/>
      <item maxAgeYrs="99" value="0.005"/>
      <!-- <sources> Brewster et al., 1990</sources> -->
    </pSequelaeInpatient>
    
  </ImmediateOutcomes><CFR>
      <group cfr="0" lowerbound="0"/>
    </CFR></healthSystem><entoData name="Sugungum Preintervention">
    <nonVector eipDuration="10">
      <EIRDaily origin="regression">0.3669507722007722</EIRDaily>
      <EIRDaily origin="interpolate">0.35685255791505793</EIRDaily>
      <EIRDaily origin="interpolate">0.3467543436293436</EIRDaily>
      <EIRDaily origin="interpolate">0.3366561293436293</EIRDaily>
      <EIRDaily origin="interpolate">0.32655791505791504</EIRDaily>
      <EIRDaily origin="interpolate">0.31645970077220076</EIRDaily>
      <EIRDaily origin="interpolate">0.3063614864864865</EIRDaily>
      <EIRDaily origin="interpolate">0.2962632722007722</EIRDaily>
      <EIRDaily origin="interpolate">0.2861650579150579</EIRDaily>
      <EIRDaily origin="interpolate">0.27606684362934364</EIRDaily>
      <EIRDaily origin="interpolate">0.26596862934362936</EIRDaily>
      <EIRDaily origin="interpolate">0.2558704150579151</EIRDaily>
      <EIRDaily origin="interpolate">0.24577220077220077</EIRDaily>
      <EIRDaily origin="interpolate">0.2356739864864865</EIRDaily>
      <EIRDaily origin="interpolate">0.2255757722007722</EIRDaily>
      <EIRDaily origin="interpolate">0.21547755791505793</EIRDaily>
      <EIRDaily origin="interpolate">0.20537934362934365</EIRDaily>
      <EIRDaily origin="interpolate">0.19528112934362934</EIRDaily>
      <EIRDaily origin="interpolate">0.18518291505791507</EIRDaily>
      <EIRDaily origin="interpolate">0.17508470077220079</EIRDaily>
      <EIRDaily origin="interpolate">0.16498648648648648</EIRDaily>
      <EIRDaily origin="interpolate">0.1548882722007722</EIRDaily>
      <EIRDaily origin="interpolate">0.14479005791505792</EIRDaily>
      <EIRDaily origin="interpolate">0.13469184362934364</EIRDaily>
      <EIRDaily origin="interpolate">0.12459362934362934</EIRDaily>
      <EIRDaily origin="interpolate">0.11449541505791506</EIRDaily>
      <EIRDaily origin="interpolate">0.10439720077220077</EIRDaily>
      <EIRDaily origin="interpolate">0.09429898648648649</EIRDaily>
      <EIRDaily origin="interpolate">0.0842007722007722</EIRDaily>
      <EIRDaily origin="interpolate">0.07410255791505792</EIRDaily>
      <EIRDaily origin="interpolate">0.06400434362934362</EIRDaily>
      <EIRDaily origin="interpolate">0.053906129343629344</EIRDaily>
      <EIRDaily origin="interpolate">0.04380791505791506</EIRDaily>
      <EIRDaily origin="interpolate">0.03370970077220077</EIRDaily>
      <EIRDaily origin="interpolate">0.023611486486486484</EIRDaily>
      <EIRDaily origin="regression">0.0135132722007722</EIRDaily>
      <EIRDaily origin="interpolate">0.013135376447876447</EIRDaily>
      <EIRDaily origin="interpolate">0.012757480694980694</EIRDaily>
      <EIRDaily origin="interpolate">0.012379584942084942</EIRDaily>
      <EIRDaily origin="interpolate">0.01200868725868726</EIRDaily>
      <EIRDaily origin="interpolate">0.011630791505791506</EIRDaily>
      <EIRDaily origin="interpolate">0.011252895752895753</EIRDaily>
      <EIRDaily origin="interpolate">0.010875</EIRDaily>
      <EIRDaily origin="interpolate">0.010504102316602317</EIRDaily>
      <EIRDaily origin="interpolate">0.010126206563706565</EIRDaily>
      <EIRDaily origin="interpolate">0.00974831081081081</EIRDaily>
      <EIRDaily origin="interpolate">0.009370415057915058</EIRDaily>
      <EIRDaily origin="interpolate">0.008999517374517374</EIRDaily>
      <EIRDaily origin="interpolate">0.008621621621621622</EIRDaily>
      <EIRDaily origin="interpolate">0.00824372586872587</EIRDaily>
      <EIRDaily origin="interpolate">0.007865830115830115</EIRDaily>
      <EIRDaily origin="interpolate">0.007494932432432433</EIRDaily>
      <EIRDaily origin="interpolate">0.00711703667953668</EIRDaily>
      <EIRDaily origin="interpolate">0.0067391409266409266</EIRDaily>
      <EIRDaily origin="interpolate">0.006361245173745174</EIRDaily>
      <EIRDaily origin="interpolate">0.005983349420849421</EIRDaily>
      <EIRDaily origin="interpolate">0.005612451737451737</EIRDaily>
      <EIRDaily origin="interpolate">0.005234555984555985</EIRDaily>
      <EIRDaily origin="interpolate">0.004856660231660231</EIRDaily>
      <EIRDaily origin="interpolate">0.004478764478764479</EIRDaily>
      <EIRDaily origin="interpolate">0.004107866795366796</EIRDaily>
      <EIRDaily origin="interpolate">0.003729971042471042</EIRDaily>
      <EIRDaily origin="interpolate">0.0033520752895752895</EIRDaily>
      <EIRDaily origin="interpolate">0.0029741795366795367</EIRDaily>
      <EIRDaily origin="interpolate">0.0026032818532818534</EIRDaily>
      <EIRDaily origin="interpolate">0.0022253861003861002</EIRDaily>
      <EIRDaily origin="interpolate">0.0018474903474903475</EIRDaily>
      <EIRDaily origin="interpolate">0.0014695945945945945</EIRDaily>
      <EIRDaily origin="interpolate">0.0010986969111969112</EIRDaily>
      <EIRDaily origin="interpolate">0.0007208011583011584</EIRDaily>
      <EIRDaily origin="regression">0.0003429054054054054</EIRDaily>
      <EIRDaily origin="interpolate">0.0009167471042471042</EIRDaily>
      <EIRDaily origin="interpolate">0.0014975868725868725</EIRDaily>
      <EIRDaily origin="interpolate">0.0020714285714285713</EIRDaily>
      <EIRDaily origin="interpolate">0.00264527027027027</EIRDaily>
      <EIRDaily origin="interpolate">0.0032261100386100387</EIRDaily>
      <EIRDaily origin="interpolate">0.0037999517374517375</EIRDaily>
      <EIRDaily origin="interpolate">0.004373793436293436</EIRDaily>
      <EIRDaily origin="interpolate">0.0049476351351351346</EIRDaily>
      <EIRDaily origin="interpolate">0.005528474903474904</EIRDaily>
      <EIRDaily origin="interpolate">0.006102316602316603</EIRDaily>
      <EIRDaily origin="interpolate">0.006676158301158301</EIRDaily>
      <EIRDaily origin="interpolate">0.00725699806949807</EIRDaily>
      <EIRDaily origin="interpolate">0.007830839768339768</EIRDaily>
      <EIRDaily origin="interpolate">0.008404681467181468</EIRDaily>
      <EIRDaily origin="interpolate">0.008985521235521236</EIRDaily>
      <EIRDaily origin="interpolate">0.009559362934362934</EIRDaily>
      <EIRDaily origin="interpolate">0.010133204633204633</EIRDaily>
      <EIRDaily origin="interpolate">0.010707046332046331</EIRDaily>
      <EIRDaily origin="interpolate">0.0112878861003861</EIRDaily>
      <EIRDaily origin="interpolate">0.0118617277992278</EIRDaily>
      <EIRDaily origin="interpolate">0.0124355694980695</EIRDaily>
      <EIRDaily origin="interpolate">0.013016409266409266</EIRDaily>
      <EIRDaily origin="interpolate">0.013590250965250964</EIRDaily>
      <EIRDaily origin="interpolate">0.014164092664092664</EIRDaily>
      <EIRDaily origin="interpolate">0.014737934362934363</EIRDaily>
      <EIRDaily origin="interpolate">0.01531877413127413</EIRDaily>
      <EIRDaily origin="interpolate">0.01589261583011583</EIRDaily>
      <EIRDaily origin="interpolate">0.016466457528957527</EIRDaily>
      <EIRDaily origin="interpolate">0.017047297297297297</EIRDaily>
      <EIRDaily origin="interpolate">0.017621138996138996</EIRDaily>
      <EIRDaily origin="interpolate">0.018194980694980694</EIRDaily>
      <EIRDaily origin="interpolate">0.018768822393822392</EIRDaily>
      <EIRDaily origin="interpolate">0.019349662162162162</EIRDaily>
      <EIRDaily origin="interpolate">0.01992350386100386</EIRDaily>
      <EIRDaily origin="regression">0.02049734555984556</EIRDaily>
      <EIRDaily origin="interpolate">0.020280405405405405</EIRDaily>
      <EIRDaily origin="interpolate">0.02006346525096525</EIRDaily>
      <EIRDaily origin="interpolate">0.019853523166023165</EIRDaily>
      <EIRDaily origin="interpolate">0.01963658301158301</EIRDaily>
      <EIRDaily origin="interpolate">0.019419642857142858</EIRDaily>
      <EIRDaily origin="interpolate">0.0192027027027027</EIRDaily>
      <EIRDaily origin="interpolate">0.01898576254826255</EIRDaily>
      <EIRDaily origin="interpolate">0.018768822393822392</EIRDaily>
      <EIRDaily origin="interpolate">0.01855188223938224</EIRDaily>
      <EIRDaily origin="interpolate">0.018334942084942085</EIRDaily>
      <EIRDaily origin="interpolate">0.01811800193050193</EIRDaily>
      <EIRDaily origin="interpolate">0.017901061776061773</EIRDaily>
      <EIRDaily origin="interpolate">0.017684121621621623</EIRDaily>
      <EIRDaily origin="interpolate">0.017467181467181465</EIRDaily>
      <EIRDaily origin="interpolate">0.01725024131274131</EIRDaily>
      <EIRDaily origin="interpolate">0.017033301158301158</EIRDaily>
      <EIRDaily origin="interpolate">0.016816361003861004</EIRDaily>
      <EIRDaily origin="interpolate">0.01659942084942085</EIRDaily>
      <EIRDaily origin="interpolate">0.016382480694980696</EIRDaily>
      <EIRDaily origin="interpolate">0.01616554054054054</EIRDaily>
      <EIRDaily origin="interpolate">0.015948600386100388</EIRDaily>
      <EIRDaily origin="interpolate">0.01573166023166023</EIRDaily>
      <EIRDaily origin="interpolate">0.015514720077220077</EIRDaily>
      <EIRDaily origin="interpolate">0.015297779922779923</EIRDaily>
      <EIRDaily origin="interpolate">0.015080839768339767</EIRDaily>
      <EIRDaily origin="interpolate">0.014863899613899613</EIRDaily>
      <EIRDaily origin="interpolate">0.01465395752895753</EIRDaily>
      <EIRDaily origin="interpolate">0.014437017374517374</EIRDaily>
      <EIRDaily origin="interpolate">0.014220077220077221</EIRDaily>
      <EIRDaily origin="interpolate">0.014003137065637066</EIRDaily>
      <EIRDaily origin="interpolate">0.01378619691119691</EIRDaily>
      <EIRDaily origin="interpolate">0.013569256756756758</EIRDaily>
      <EIRDaily origin="interpolate">0.013352316602316602</EIRDaily>
      <EIRDaily origin="interpolate">0.013135376447876447</EIRDaily>
      <EIRDaily origin="regression">0.012918436293436295</EIRDaily>
      <EIRDaily origin="interpolate">0.01198769305019305</EIRDaily>
      <EIRDaily origin="interpolate">0.011063947876447877</EIRDaily>
      <EIRDaily origin="interpolate">0.010133204633204633</EIRDaily>
      <EIRDaily origin="interpolate">0.00920945945945946</EIRDaily>
      <EIRDaily origin="interpolate">0.008278716216216217</EIRDaily>
      <EIRDaily origin="interpolate">0.007354971042471042</EIRDaily>
      <EIRDaily origin="interpolate">0.0064242277992278</EIRDaily>
      <EIRDaily origin="interpolate">0.005493484555984555</EIRDaily>
      <EIRDaily origin="interpolate">0.004569739382239382</EIRDaily>
      <EIRDaily origin="interpolate">0.0036389961389961386</EIRDaily>
      <EIRDaily origin="interpolate">0.0027152509652509653</EIRDaily>
      <EIRDaily origin="interpolate">0.0017845077220077221</EIRDaily>
      <EIRDaily origin="regression">0.0008607625482625483</EIRDaily>
      <EIRDaily origin="interpolate">0.0008677606177606177</EIRDaily>
      <EIRDaily origin="interpolate">0.0008817567567567568</EIRDaily>
      <EIRDaily origin="interpolate">0.0008957528957528958</EIRDaily>
      <EIRDaily origin="interpolate">0.0009097490347490347</EIRDaily>
      <EIRDaily origin="interpolate">0.0009167471042471042</EIRDaily>
      <EIRDaily origin="interpolate">0.0009307432432432432</EIRDaily>
      <EIRDaily origin="interpolate">0.0009447393822393823</EIRDaily>
      <EIRDaily origin="interpolate">0.0009587355212355212</EIRDaily>
      <EIRDaily origin="interpolate">0.0009657335907335907</EIRDaily>
      <EIRDaily origin="interpolate">0.0009797297297297297</EIRDaily>
      <EIRDaily origin="interpolate">0.0009937258687258688</EIRDaily>
      <EIRDaily origin="interpolate">0.0010077220077220077</EIRDaily>
      <EIRDaily origin="interpolate">0.0010147200772200771</EIRDaily>
      <EIRDaily origin="regression">0.0010287162162162162</EIRDaily>
      <EIRDaily origin="interpolate">0.0009937258687258688</EIRDaily>
      <EIRDaily origin="interpolate">0.0009587355212355212</EIRDaily>
      <EIRDaily origin="interpolate">0.0009167471042471042</EIRDaily>
      <EIRDaily origin="interpolate">0.0008817567567567568</EIRDaily>
      <EIRDaily origin="interpolate">0.0008467664092664092</EIRDaily>
      <EIRDaily origin="interpolate">0.0008117760617760618</EIRDaily>
      <EIRDaily origin="interpolate">0.0007697876447876448</EIRDaily>
      <EIRDaily origin="interpolate">0.0007347972972972973</EIRDaily>
      <EIRDaily origin="interpolate">0.0006998069498069499</EIRDaily>
      <EIRDaily origin="interpolate">0.0006648166023166023</EIRDaily>
      <EIRDaily origin="interpolate">0.0006228281853281853</EIRDaily>
      <EIRDaily origin="interpolate">0.0005878378378378379</EIRDaily>
      <EIRDaily origin="interpolate">0.0005528474903474903</EIRDaily>
      <EIRDaily origin="regression">0.0005178571428571428</EIRDaily>
      <EIRDaily origin="interpolate">0.0005178571428571428</EIRDaily>
      <EIRDaily origin="interpolate">0.0005178571428571428</EIRDaily>
      <EIRDaily origin="interpolate">0.0005178571428571428</EIRDaily>
      <EIRDaily origin="interpolate">0.0005178571428571428</EIRDaily>
      <EIRDaily origin="interpolate">0.0005178571428571428</EIRDaily>
      <EIRDaily origin="interpolate">0.0005178571428571428</EIRDaily>
      <EIRDaily origin="interpolate">0.0005178571428571428</EIRDaily>
      <EIRDaily origin="interpolate">0.0005178571428571428</EIRDaily>
      <EIRDaily origin="interpolate">0.0005178571428571428</EIRDaily>
      <EIRDaily origin="interpolate">0.0005178571428571428</EIRDaily>
      <EIRDaily origin="interpolate">0.0005178571428571428</EIRDaily>
      <EIRDaily origin="interpolate">0.0005178571428571428</EIRDaily>
      <EIRDaily origin="interpolate">0.0005178571428571428</EIRDaily>
      <EIRDaily origin="regression">0.0005178571428571428</EIRDaily>
      <EIRDaily origin="interpolate">0.0005248552123552124</EIRDaily>
      <EIRDaily origin="interpolate">0.0005388513513513514</EIRDaily>
      <EIRDaily origin="interpolate">0.0005528474903474903</EIRDaily>
      <EIRDaily origin="interpolate">0.0005668436293436293</EIRDaily>
      <EIRDaily origin="interpolate">0.0005738416988416988</EIRDaily>
      <EIRDaily origin="interpolate">0.0005878378378378379</EIRDaily>
      <EIRDaily origin="interpolate">0.0006018339768339768</EIRDaily>
      <EIRDaily origin="interpolate">0.0006158301158301158</EIRDaily>
      <EIRDaily origin="interpolate">0.0006228281853281853</EIRDaily>
      <EIRDaily origin="interpolate">0.0006368243243243244</EIRDaily>
      <EIRDaily origin="interpolate">0.0006508204633204634</EIRDaily>
      <EIRDaily origin="interpolate">0.0006648166023166023</EIRDaily>
      <EIRDaily origin="interpolate">0.0006718146718146718</EIRDaily>
      <EIRDaily origin="regression">0.0006858108108108108</EIRDaily>
      <EIRDaily origin="interpolate">0.0013436293436293436</EIRDaily>
      <EIRDaily origin="interpolate">0.0020014478764478765</EIRDaily>
      <EIRDaily origin="interpolate">0.002666264478764479</EIRDaily>
      <EIRDaily origin="interpolate">0.0033240830115830113</EIRDaily>
      <EIRDaily origin="interpolate">0.003981901544401544</EIRDaily>
      <EIRDaily origin="interpolate">0.004639720077220077</EIRDaily>
      <EIRDaily origin="interpolate">0.00529753861003861</EIRDaily>
      <EIRDaily origin="interpolate">0.005962355212355212</EIRDaily>
      <EIRDaily origin="interpolate">0.006620173745173745</EIRDaily>
      <EIRDaily origin="interpolate">0.007277992277992277</EIRDaily>
      <EIRDaily origin="interpolate">0.00793581081081081</EIRDaily>
      <EIRDaily origin="interpolate">0.008593629343629342</EIRDaily>
      <EIRDaily origin="interpolate">0.009251447876447877</EIRDaily>
      <EIRDaily origin="regression">0.009916264478764479</EIRDaily>
      <EIRDaily origin="interpolate">0.013303330115830115</EIRDaily>
      <EIRDaily origin="interpolate">0.016690395752895753</EIRDaily>
      <EIRDaily origin="interpolate">0.02007746138996139</EIRDaily>
      <EIRDaily origin="interpolate">0.023464527027027025</EIRDaily>
      <EIRDaily origin="interpolate">0.026851592664092663</EIRDaily>
      <EIRDaily origin="interpolate">0.0302386583011583</EIRDaily>
      <EIRDaily origin="interpolate">0.03362572393822394</EIRDaily>
      <EIRDaily origin="interpolate">0.03701278957528958</EIRDaily>
      <EIRDaily origin="interpolate">0.04040685328185328</EIRDaily>
      <EIRDaily origin="interpolate">0.043793918918918914</EIRDaily>
      <EIRDaily origin="interpolate">0.04718098455598455</EIRDaily>
      <EIRDaily origin="interpolate">0.0505680501930502</EIRDaily>
      <EIRDaily origin="interpolate">0.05395511583011583</EIRDaily>
      <EIRDaily origin="regression">0.057342181467181466</EIRDaily>
      <EIRDaily origin="interpolate">0.09874276061776062</EIRDaily>
      <EIRDaily origin="interpolate">0.1401363416988417</EIRDaily>
      <EIRDaily origin="interpolate">0.18153692084942083</EIRDaily>
      <EIRDaily origin="interpolate">0.22293050193050193</EIRDaily>
      <EIRDaily origin="interpolate">0.26433108108108105</EIRDaily>
      <EIRDaily origin="interpolate">0.3057316602316602</EIRDaily>
      <EIRDaily origin="interpolate">0.3471252413127413</EIRDaily>
      <EIRDaily origin="interpolate">0.3885258204633204</EIRDaily>
      <EIRDaily origin="interpolate">0.42991940154440156</EIRDaily>
      <EIRDaily origin="interpolate">0.47131998069498066</EIRDaily>
      <EIRDaily origin="interpolate">0.5127135617760618</EIRDaily>
      <EIRDaily origin="interpolate">0.5541141409266409</EIRDaily>
      <EIRDaily origin="interpolate">0.5955147200772201</EIRDaily>
      <EIRDaily origin="regression">0.6369083011583012</EIRDaily>
      <EIRDaily origin="interpolate">0.6244097490347491</EIRDaily>
      <EIRDaily origin="interpolate">0.6119111969111969</EIRDaily>
      <EIRDaily origin="interpolate">0.5994126447876448</EIRDaily>
      <EIRDaily origin="interpolate">0.5869140926640927</EIRDaily>
      <EIRDaily origin="interpolate">0.5744155405405406</EIRDaily>
      <EIRDaily origin="interpolate">0.5619169884169884</EIRDaily>
      <EIRDaily origin="interpolate">0.5494184362934363</EIRDaily>
      <EIRDaily origin="interpolate">0.5369198841698842</EIRDaily>
      <EIRDaily origin="interpolate">0.5244143339768339</EIRDaily>
      <EIRDaily origin="interpolate">0.5119157818532818</EIRDaily>
      <EIRDaily origin="interpolate">0.49941722972972974</EIRDaily>
      <EIRDaily origin="interpolate">0.48691867760617763</EIRDaily>
      <EIRDaily origin="interpolate">0.4744201254826255</EIRDaily>
      <EIRDaily origin="regression">0.46192157335907336</EIRDaily>
      <EIRDaily origin="interpolate">0.4972828185328185</EIRDaily>
      <EIRDaily origin="interpolate">0.5326510617760618</EIRDaily>
      <EIRDaily origin="interpolate">0.568012306949807</EIRDaily>
      <EIRDaily origin="interpolate">0.603373552123552</EIRDaily>
      <EIRDaily origin="interpolate">0.6387417953667953</EIRDaily>
      <EIRDaily origin="interpolate">0.6741030405405405</EIRDaily>
      <EIRDaily origin="interpolate">0.7094642857142858</EIRDaily>
      <EIRDaily origin="interpolate">0.7448255308880308</EIRDaily>
      <EIRDaily origin="interpolate">0.7801937741312741</EIRDaily>
      <EIRDaily origin="interpolate">0.8155550193050193</EIRDaily>
      <EIRDaily origin="interpolate">0.8509162644787645</EIRDaily>
      <EIRDaily origin="interpolate">0.8862845077220077</EIRDaily>
      <EIRDaily origin="interpolate">0.9216457528957529</EIRDaily>
      <EIRDaily origin="regression">0.957006998069498</EIRDaily>
      <EIRDaily origin="interpolate">0.9895410231660232</EIRDaily>
      <EIRDaily origin="interpolate">1.0220750482625482</EIRDaily>
      <EIRDaily origin="interpolate">1.0546160714285713</EIRDaily>
      <EIRDaily origin="interpolate">1.0871500965250966</EIRDaily>
      <EIRDaily origin="interpolate">1.1196841216216216</EIRDaily>
      <EIRDaily origin="interpolate">1.1522181467181467</EIRDaily>
      <EIRDaily origin="interpolate">1.1847521718146719</EIRDaily>
      <EIRDaily origin="interpolate">1.217286196911197</EIRDaily>
      <EIRDaily origin="interpolate">1.249820222007722</EIRDaily>
      <EIRDaily origin="interpolate">1.2823612451737452</EIRDaily>
      <EIRDaily origin="interpolate">1.3148952702702703</EIRDaily>
      <EIRDaily origin="interpolate">1.3474292953667952</EIRDaily>
      <EIRDaily origin="interpolate">1.3799633204633204</EIRDaily>
      <EIRDaily origin="regression">1.4124973455598455</EIRDaily>
      <EIRDaily origin="interpolate">1.384652027027027</EIRDaily>
      <EIRDaily origin="interpolate">1.3567997104247105</EIRDaily>
      <EIRDaily origin="interpolate">1.3289473938223937</EIRDaily>
      <EIRDaily origin="interpolate">1.3011020752895752</EIRDaily>
      <EIRDaily origin="interpolate">1.2732497586872586</EIRDaily>
      <EIRDaily origin="interpolate">1.2454044401544402</EIRDaily>
      <EIRDaily origin="interpolate">1.2175521235521236</EIRDaily>
      <EIRDaily origin="interpolate">1.1897068050193051</EIRDaily>
      <EIRDaily origin="interpolate">1.1618544884169884</EIRDaily>
      <EIRDaily origin="interpolate">1.1340021718146718</EIRDaily>
      <EIRDaily origin="interpolate">1.1061568532818533</EIRDaily>
      <EIRDaily origin="interpolate">1.0783045366795365</EIRDaily>
      <EIRDaily origin="interpolate">1.050459218146718</EIRDaily>
      <EIRDaily origin="regression">1.0226069015444015</EIRDaily>
      <EIRDaily origin="interpolate">1.0517608590733591</EIRDaily>
      <EIRDaily origin="interpolate">1.0809218146718147</EIRDaily>
      <EIRDaily origin="interpolate">1.1100757722007721</EIRDaily>
      <EIRDaily origin="interpolate">1.1392297297297298</EIRDaily>
      <EIRDaily origin="interpolate">1.1683906853281854</EIRDaily>
      <EIRDaily origin="interpolate">1.1975446428571428</EIRDaily>
      <EIRDaily origin="interpolate">1.2266986003861002</EIRDaily>
      <EIRDaily origin="interpolate">1.255852557915058</EIRDaily>
      <EIRDaily origin="interpolate">1.2850135135135135</EIRDaily>
      <EIRDaily origin="interpolate">1.314167471042471</EIRDaily>
      <EIRDaily origin="interpolate">1.3433214285714286</EIRDaily>
      <EIRDaily origin="interpolate">1.372482384169884</EIRDaily>
      <EIRDaily origin="interpolate">1.4016363416988415</EIRDaily>
      <EIRDaily origin="regression">1.4307902992277992</EIRDaily>
      <EIRDaily origin="interpolate">1.4606510617760617</EIRDaily>
      <EIRDaily origin="interpolate">1.4905048262548262</EIRDaily>
      <EIRDaily origin="interpolate">1.520365588803089</EIRDaily>
      <EIRDaily origin="interpolate">1.5502193532818531</EIRDaily>
      <EIRDaily origin="interpolate">1.5800731177606178</EIRDaily>
      <EIRDaily origin="interpolate">1.60993388030888</EIRDaily>
      <EIRDaily origin="interpolate">1.6397876447876447</EIRDaily>
      <EIRDaily origin="interpolate">1.6696484073359075</EIRDaily>
      <EIRDaily origin="interpolate">1.6995021718146717</EIRDaily>
      <EIRDaily origin="interpolate">1.7293629343629344</EIRDaily>
      <EIRDaily origin="interpolate">1.759216698841699</EIRDaily>
      <EIRDaily origin="interpolate">1.7890774613899614</EIRDaily>
      <EIRDaily origin="interpolate">1.818931225868726</EIRDaily>
      <EIRDaily origin="regression">1.8487919884169883</EIRDaily>
      <EIRDaily origin="interpolate">1.8002883687258688</EIRDaily>
      <EIRDaily origin="interpolate">1.751791747104247</EIRDaily>
      <EIRDaily origin="interpolate">1.7032881274131275</EIRDaily>
      <EIRDaily origin="interpolate">1.6547845077220078</EIRDaily>
      <EIRDaily origin="interpolate">1.606287886100386</EIRDaily>
      <EIRDaily origin="interpolate">1.5577842664092665</EIRDaily>
      <EIRDaily origin="interpolate">1.5092876447876447</EIRDaily>
      <EIRDaily origin="interpolate">1.4607840250965252</EIRDaily>
      <EIRDaily origin="interpolate">1.4122874034749036</EIRDaily>
      <EIRDaily origin="interpolate">1.3637837837837838</EIRDaily>
      <EIRDaily origin="interpolate">1.315287162162162</EIRDaily>
      <EIRDaily origin="interpolate">1.2667835424710425</EIRDaily>
      <EIRDaily origin="interpolate">1.218286920849421</EIRDaily>
      <EIRDaily origin="regression">1.1697833011583012</EIRDaily>
      <EIRDaily origin="interpolate">1.144198359073359</EIRDaily>
      <EIRDaily origin="interpolate">1.118613416988417</EIRDaily>
      <EIRDaily origin="interpolate">1.0930214768339768</EIRDaily>
      <EIRDaily origin="interpolate">1.0674365347490349</EIRDaily>
      <EIRDaily origin="interpolate">1.0418515926640926</EIRDaily>
      <EIRDaily origin="interpolate">1.0162596525096526</EIRDaily>
      <EIRDaily origin="interpolate">0.9906747104247104</EIRDaily>
      <EIRDaily origin="interpolate">0.9650897683397683</EIRDaily>
      <EIRDaily origin="interpolate">0.9394978281853282</EIRDaily>
      <EIRDaily origin="interpolate">0.913912886100386</EIRDaily>
      <EIRDaily origin="interpolate">0.888327944015444</EIRDaily>
      <EIRDaily origin="interpolate">0.8627360038610039</EIRDaily>
      <EIRDaily origin="interpolate">0.8371510617760618</EIRDaily>
      <EIRDaily origin="interpolate">0.8115661196911197</EIRDaily>
      <EIRDaily origin="interpolate">0.7859741795366795</EIRDaily>
      <EIRDaily origin="interpolate">0.7603892374517375</EIRDaily>
      <EIRDaily origin="interpolate">0.7348042953667955</EIRDaily>
      <EIRDaily origin="interpolate">0.7092193532818533</EIRDaily>
      <EIRDaily origin="interpolate">0.683627413127413</EIRDaily>
      <EIRDaily origin="interpolate">0.658042471042471</EIRDaily>
      <EIRDaily origin="interpolate">0.6324575289575289</EIRDaily>
      <EIRDaily origin="interpolate">0.6068655888030888</EIRDaily>
      <EIRDaily origin="interpolate">0.5812806467181467</EIRDaily>
      <EIRDaily origin="interpolate">0.5556957046332046</EIRDaily>
      <EIRDaily origin="interpolate">0.5301037644787644</EIRDaily>
      <EIRDaily origin="interpolate">0.5045188223938224</EIRDaily>
      <EIRDaily origin="interpolate">0.4789338803088803</EIRDaily>
      <EIRDaily origin="interpolate">0.4533419401544401</EIRDaily>
      <EIRDaily origin="regression">0.427756998069498</EIRDaily>
      <EIRDaily origin="interpolate">0.41297707528957533</EIRDaily>
      <EIRDaily origin="interpolate">0.39819715250965254</EIRDaily>
      <EIRDaily origin="interpolate">0.38342422779922786</EIRDaily>
      <EIRDaily origin="interpolate">0.368644305019305</EIRDaily>
      <EIRDaily origin="interpolate">0.3538643822393822</EIRDaily>
      <EIRDaily origin="interpolate">0.3390844594594595</EIRDaily>
      <EIRDaily origin="interpolate">0.3243045366795367</EIRDaily>
      <EIRDaily origin="interpolate">0.3095246138996139</EIRDaily>
      <EIRDaily origin="interpolate">0.2947446911196911</EIRDaily>
      <EIRDaily origin="interpolate">0.27996476833976836</EIRDaily>
      <EIRDaily origin="interpolate">0.2651918436293436</EIRDaily>
      <EIRDaily origin="interpolate">0.2504119208494208</EIRDaily>
      <EIRDaily origin="interpolate">0.23563199806949808</EIRDaily>
      <EIRDaily origin="interpolate">0.22085207528957526</EIRDaily>
      <EIRDaily origin="interpolate">0.20607215250965252</EIRDaily>
      <EIRDaily origin="interpolate">0.1912922297297297</EIRDaily>
      <EIRDaily origin="interpolate">0.17651230694980696</EIRDaily>
      <EIRDaily origin="interpolate">0.16173938223938222</EIRDaily>
      <EIRDaily origin="interpolate">0.14695945945945946</EIRDaily>
      <EIRDaily origin="interpolate">0.13217953667953666</EIRDaily>
      <EIRDaily origin="interpolate">0.1173996138996139</EIRDaily>
      <EIRDaily origin="interpolate">0.10261969111969112</EIRDaily>
      <EIRDaily origin="interpolate">0.08783976833976834</EIRDaily>
      <EIRDaily origin="interpolate">0.07305984555984556</EIRDaily>
      <EIRDaily origin="interpolate">0.058279922779922784</EIRDaily>
      <EIRDaily origin="interpolate">0.04350699806949807</EIRDaily>
      <EIRDaily origin="interpolate">0.028727075289575292</EIRDaily>
      <EIRDaily origin="regression">0.013947152509652509</EIRDaily>
      <EIRDaily origin="interpolate">0.014877895752895753</EIRDaily>
      <EIRDaily origin="interpolate">0.015808638996138994</EIRDaily>
      <EIRDaily origin="interpolate">0.01673238416988417</EIRDaily>
      <EIRDaily origin="interpolate">0.01766312741312741</EIRDaily>
      <EIRDaily origin="interpolate">0.018593870656370658</EIRDaily>
      <EIRDaily origin="interpolate">0.0195246138996139</EIRDaily>
      <EIRDaily origin="interpolate">0.020455357142857143</EIRDaily>
      <EIRDaily origin="interpolate">0.021379102316602318</EIRDaily>
      <EIRDaily origin="interpolate">0.022309845559845557</EIRDaily>
      <EIRDaily origin="interpolate">0.023240588803088807</EIRDaily>
      <EIRDaily origin="interpolate">0.024171332046332046</EIRDaily>
      <EIRDaily origin="interpolate">0.02510207528957529</EIRDaily>
      <EIRDaily origin="interpolate">0.026025820463320463</EIRDaily>
      <EIRDaily origin="interpolate">0.026956563706563706</EIRDaily>
      <EIRDaily origin="interpolate">0.027887306949806945</EIRDaily>
      <EIRDaily origin="interpolate">0.028818050193050195</EIRDaily>
      <EIRDaily origin="interpolate">0.029748793436293434</EIRDaily>
      <EIRDaily origin="interpolate">0.030679536679536677</EIRDaily>
      <EIRDaily origin="interpolate">0.03160328185328185</EIRDaily>
      <EIRDaily origin="interpolate">0.032534025096525095</EIRDaily>
      <EIRDaily origin="interpolate">0.03346476833976834</EIRDaily>
      <EIRDaily origin="interpolate">0.03439551158301158</EIRDaily>
      <EIRDaily origin="interpolate">0.03532625482625482</EIRDaily>
      <EIRDaily origin="interpolate">0.03625</EIRDaily>
      <EIRDaily origin="interpolate">0.03718074324324324</EIRDaily>
      <EIRDaily origin="interpolate">0.03811148648648649</EIRDaily>
      <EIRDaily origin="interpolate">0.039042229729729726</EIRDaily>
      <EIRDaily origin="regression">0.03997297297297297</EIRDaily>
      <EIRDaily origin="interpolate">0.038552364864864866</EIRDaily>
      <EIRDaily origin="interpolate">0.037138754826254824</EIRDaily>
      <EIRDaily origin="interpolate">0.03572514478764478</EIRDaily>
      <EIRDaily origin="interpolate">0.03431153474903475</EIRDaily>
      <EIRDaily origin="interpolate">0.03289092664092664</EIRDaily>
      <EIRDaily origin="interpolate">0.031477316602316605</EIRDaily>
      <EIRDaily origin="interpolate">0.030063706563706563</EIRDaily>
      <EIRDaily origin="interpolate">0.02865009652509652</EIRDaily>
      <EIRDaily origin="interpolate">0.027236486486486487</EIRDaily>
      <EIRDaily origin="interpolate">0.025815878378378378</EIRDaily>
      <EIRDaily origin="interpolate">0.02440226833976834</EIRDaily>
      <EIRDaily origin="interpolate">0.0229886583011583</EIRDaily>
      <EIRDaily origin="interpolate">0.02157504826254826</EIRDaily>
      <EIRDaily origin="interpolate">0.020154440154440154</EIRDaily>
      <EIRDaily origin="interpolate">0.018740830115830116</EIRDaily>
      <EIRDaily origin="interpolate">0.01732722007722008</EIRDaily>
      <EIRDaily origin="interpolate">0.015913610038610037</EIRDaily>
      <EIRDaily origin="interpolate">0.014493001930501929</EIRDaily>
      <EIRDaily origin="interpolate">0.013079391891891891</EIRDaily>
      <EIRDaily origin="interpolate">0.011665781853281853</EIRDaily>
      <EIRDaily origin="interpolate">0.010252171814671814</EIRDaily>
      <EIRDaily origin="interpolate">0.008838561776061776</EIRDaily>
      <EIRDaily origin="interpolate">0.007417953667953668</EIRDaily>
      <EIRDaily origin="interpolate">0.00600434362934363</EIRDaily>
      <EIRDaily origin="interpolate">0.00459073359073359</EIRDaily>
      <EIRDaily origin="interpolate">0.0031771235521235518</EIRDaily>
      <EIRDaily origin="interpolate">0.0017565154440154441</EIRDaily>
      <EIRDaily origin="regression">0.0003429054054054054</EIRDaily>
      <EIRDaily origin="interpolate">0.0004898648648648648</EIRDaily>
      <EIRDaily origin="interpolate">0.0006368243243243244</EIRDaily>
      <EIRDaily origin="interpolate">0.0007837837837837837</EIRDaily>
      <EIRDaily origin="interpolate">0.0009377413127413127</EIRDaily>
      <EIRDaily origin="interpolate">0.0010847007722007721</EIRDaily>
      <EIRDaily origin="interpolate">0.0012316602316602317</EIRDaily>
      <EIRDaily origin="interpolate">0.001378619691119691</EIRDaily>
      <EIRDaily origin="interpolate">0.0015255791505791507</EIRDaily>
      <EIRDaily origin="interpolate">0.0016725386100386102</EIRDaily>
      <EIRDaily origin="interpolate">0.0018194980694980693</EIRDaily>
      <EIRDaily origin="interpolate">0.001966457528957529</EIRDaily>
      <EIRDaily origin="interpolate">0.0021134169884169884</EIRDaily>
      <EIRDaily origin="interpolate">0.002260376447876448</EIRDaily>
      <EIRDaily origin="interpolate">0.002414333976833977</EIRDaily>
      <EIRDaily origin="interpolate">0.0025612934362934364</EIRDaily>
      <EIRDaily origin="interpolate">0.002708252895752896</EIRDaily>
      <EIRDaily origin="interpolate">0.0028552123552123554</EIRDaily>
      <EIRDaily origin="interpolate">0.003002171814671815</EIRDaily>
      <EIRDaily origin="interpolate">0.003149131274131274</EIRDaily>
      <EIRDaily origin="interpolate">0.0032960907335907335</EIRDaily>
      <EIRDaily origin="interpolate">0.003443050193050193</EIRDaily>
      <EIRDaily origin="interpolate">0.0035900096525096526</EIRDaily>
      <EIRDaily origin="interpolate">0.003736969111969112</EIRDaily>
      <EIRDaily origin="interpolate">0.0038839285714285716</EIRDaily>
      <EIRDaily origin="interpolate">0.0040378861003861006</EIRDaily>
      <EIRDaily origin="interpolate">0.00418484555984556</EIRDaily>
      <EIRDaily origin="interpolate">0.00433180501930502</EIRDaily>
      <EIRDaily origin="regression">0.004478764478764479</EIRDaily>
      <EIRDaily origin="interpolate">0.004660714285714285</EIRDaily>
      <EIRDaily origin="interpolate">0.0048426640926640925</EIRDaily>
      <EIRDaily origin="interpolate">0.0050246138996139</EIRDaily>
      <EIRDaily origin="interpolate">0.005206563706563707</EIRDaily>
      <EIRDaily origin="interpolate">0.005381515444015444</EIRDaily>
      <EIRDaily origin="interpolate">0.005563465250965251</EIRDaily>
      <EIRDaily origin="interpolate">0.005745415057915058</EIRDaily>
      <EIRDaily origin="interpolate">0.005927364864864865</EIRDaily>
      <EIRDaily origin="interpolate">0.006109314671814672</EIRDaily>
      <EIRDaily origin="interpolate">0.006291264478764478</EIRDaily>
      <EIRDaily origin="interpolate">0.006473214285714285</EIRDaily>
      <EIRDaily origin="interpolate">0.006655164092664092</EIRDaily>
      <EIRDaily origin="interpolate">0.006837113899613899</EIRDaily>
      <EIRDaily origin="interpolate">0.007019063706563707</EIRDaily>
      <EIRDaily origin="interpolate">0.007201013513513514</EIRDaily>
      <EIRDaily origin="interpolate">0.007382963320463321</EIRDaily>
      <EIRDaily origin="interpolate">0.007564913127413127</EIRDaily>
    </nonVector>
  </entoData>
  <!-- parameters 31052007 -->
  
<model><ModelOptions><option name="TRIPLE_HET" value="true"/><option name="MAX_DENS_CORRECTION" value="false"/></ModelOptions><clinical healthSystemMemory="6"/><parameters delta="0.000547945205479452" interval="5" iseed="10" latentp="3">
    <parameter include="0" name="'-ln(1-Sinf)'" number="1" value="0.050736"/>
    <parameter include="0" name="Estar" number="2" value="0.03247"/>
    <parameter include="1" name="Simm" number="3" value="0.1447"/>
    <parameter include="1" name="Xstar_p" number="4" value="2801.485664"/>
    <parameter include="1" name="gamma_p" number="5" value="2.061137"/>
    <parameter include="1" name="sigma2i" number="6" value="9.569774"/>
    <parameter include="1" name="CumulativeYstar" number="7" value="137595256.939881"/>
    <parameter include="1" name="CumulativeHstar" number="8" value="97.798358"/>
    <parameter include="1" name="'-ln(1-alpha_m)'" number="9" value="2.306627"/>
    <parameter include="1" name="decay_m" number="10" value="2.587184"/>
    <parameter include="1" name="sigma2_0" number="11" value="0.656515"/>
    <parameter include="1" name="Xstar_v" number="12" value="0.918108"/>
    <parameter include="1" name="Ystar2" number="13" value="9696.340451"/>
    <parameter include="1" name="alpha" number="14" value="157086.1001"/>
    <parameter include="1" name="Density bias (non Garki)" number="15" value="0.172355"/>
    <parameter include="0" name="No Use 1" number="16" value="1"/>
    <parameter include="1" name="log oddsr CF community" number="17" value="0.729208"/>
    <parameter include="1" name="Indirect risk cofactor" number="18" value="0.017543"/>
    <parameter include="1" name="Non-malaria infant mortality" number="19" value="50.648162"/>
    <parameter include="1" name="Density bias (Garki)" number="20" value="4.784096"/>
    <parameter include="1" name="Severe Malaria Threshhold" number="21" value="346545.4089"/>
    <parameter include="0" name="Immunity Penalty" number="22" value="1"/>
    <parameter include="0" name="Decay of risk of indirect mortality" number="23" value="0.1"/>
    <parameter include="1" name="comorbidity intercept" number="24" value="0.098975"/>
    <parameter include="1" name="Ystar half life" number="25" value="0.278909"/>
    <parameter include="1" name="Ystar1" number="26" value="0.600517"/>
    <parameter include="0" name="Asexual decay" number="27" value="0"/>
    <parameter include="1" name="Ystar0" number="28" value="328.056605"/>
    <parameter include="1" name="Idete multiplier" number="29" value="2.78614"/>
    <parameter include="1" name="critical age for comorbidity" number="30" value="0.115906"/>
  </parameters></model></scenario>