<?xml version="1.0" encoding="UTF-8" standalone="no"?><scenario xmlns:xsi="http://www.w3.org/2001/XMLSchema-instance" analysisNo="0" assimMode="0" maximumAgeYrs="90" mode="4" name="Full set of interventions" popSize="1000" schemaVersion="17" wuID="0" xsi:noNamespaceSchemaLocation="scenario_17.xsd">
  

  <demography name="Ifakara">
    <ageGroup lowerbound="0">
      <group poppercent="3.474714994" upperbound="1"/>
      <group poppercent="12.76004028" upperbound="5"/>
      <group poppercent="14.52151394" upperbound="10"/>
      <group poppercent="12.75565434" upperbound="15"/>
      <group poppercent="10.836323739999999" upperbound="20"/>
      <group poppercent="8.393312454" upperbound="25"/>
      <group poppercent="7.001421452" upperbound="30"/>
      <group poppercent="5.800587654" upperbound="35"/>
      <group poppercent="5.102136612" upperbound="40"/>
      <group poppercent="4.182561874" upperbound="45"/>
      <group poppercent="3.339409351" upperbound="50"/>
      <group poppercent="2.986112356" upperbound="55"/>
      <group poppercent="2.555766582" upperbound="60"/>
      <group poppercent="2.332763433" upperbound="65"/>
      <group poppercent="1.77400255" upperbound="70"/>
      <group poppercent="1.008525491" upperbound="75"/>
      <group poppercent="0.74167341" upperbound="80"/>
      <group poppercent="0.271863401" upperbound="85"/>
      <group poppercent="0.161614642" upperbound="90"/>
    </ageGroup>
  </demography>

  <monitoring name="Quarterly Surveys">
    <SurveyOptions>
      <option name="nHost" value="true"/>
      <option name="nPatent" value="true"/>
      <option name="sumlogDens" value="true"/>
      <option name="nTransmit" value="true"/>
      <option name="nTreatments1" value="true"/>
      <option name="nTreatments2" value="true"/>
      <option name="nTreatments3" value="true"/>
      <option name="nUncomp" value="true"/>
      <option name="nSevere" value="true"/>
      <option name="nSeq" value="true"/>
      <option name="nHospitalDeaths" value="true"/>
      <option name="nIndDeaths" value="true"/>
      <option name="nDirDeaths" value="true"/>
      <option name="nEPIVaccinations" value="true"/>
      <option name="nMassVaccinations" value="true"/>
      <option name="nHospitalRecovs" value="true"/>
      <option name="nHospitalSeqs" value="true"/>
      <option name="annAvgK" value="true"/>
      <option name="Vector_Nv0" value="true"/>
      <option name="Vector_Nv" value="true"/>
      <option name="Vector_Ov" value="true"/>
      <option name="Vector_Sv" value="true"/>
      <option name="Vector_EIR_Input" value="true"/>
      <option name="Vector_EIR_Simulated" value="true"/>
    </SurveyOptions>
    <surveys detectionLimit="40">
      <surveyTime>1</surveyTime>
      <surveyTime>19</surveyTime>
      <surveyTime>37</surveyTime>
      <surveyTime>55</surveyTime>
      <surveyTime>74</surveyTime>
      <surveyTime>92</surveyTime>
      <surveyTime>110</surveyTime>
      <surveyTime>128</surveyTime>
      <surveyTime>147</surveyTime>
      <surveyTime>165</surveyTime>
      <surveyTime>183</surveyTime>
      <surveyTime>201</surveyTime>
      <surveyTime>220</surveyTime>
      <surveyTime>238</surveyTime>
      <surveyTime>256</surveyTime>
      <surveyTime>274</surveyTime>
      <surveyTime>293</surveyTime>
      <surveyTime>311</surveyTime>
      <surveyTime>329</surveyTime>
      <surveyTime>347</surveyTime>
      <surveyTime>366</surveyTime>
      <surveyTime>384</surveyTime>
      <surveyTime>402</surveyTime>
      <surveyTime>420</surveyTime>
      <surveyTime>439</surveyTime>
      <surveyTime>457</surveyTime>
      <surveyTime>475</surveyTime>
      <surveyTime>493</surveyTime>
      <surveyTime>512</surveyTime>
      <surveyTime>530</surveyTime>
      <surveyTime>548</surveyTime>
      <surveyTime>566</surveyTime>
      <surveyTime>585</surveyTime>
      <surveyTime>603</surveyTime>
      <surveyTime>621</surveyTime>
      <surveyTime>639</surveyTime>
      <surveyTime>658</surveyTime>
      <surveyTime>676</surveyTime>
      <surveyTime>694</surveyTime>
      <surveyTime>712</surveyTime>
      <surveyTime>731</surveyTime>
      <surveyTime>749</surveyTime>
      <surveyTime>767</surveyTime>
      <surveyTime>785</surveyTime>
      <surveyTime>804</surveyTime>
      <surveyTime>822</surveyTime>
      <surveyTime>840</surveyTime>
      <surveyTime>858</surveyTime>
      <surveyTime>877</surveyTime>
      <surveyTime>895</surveyTime>
      <surveyTime>913</surveyTime>
      <surveyTime>931</surveyTime>
      <surveyTime>950</surveyTime>
      <surveyTime>968</surveyTime>
      <surveyTime>986</surveyTime>
      <surveyTime>1004</surveyTime>
      <surveyTime>1023</surveyTime>
      <surveyTime>1041</surveyTime>
      <surveyTime>1059</surveyTime>
      <surveyTime>1077</surveyTime>
      <surveyTime>1096</surveyTime>
      <surveyTime>1114</surveyTime>
      <surveyTime>1132</surveyTime>
      <surveyTime>1150</surveyTime>
      <surveyTime>1169</surveyTime>
      <surveyTime>1187</surveyTime>
      <surveyTime>1205</surveyTime>
      <surveyTime>1223</surveyTime>
      <surveyTime>1242</surveyTime>
      <surveyTime>1260</surveyTime>
      <surveyTime>1278</surveyTime>
      <surveyTime>1296</surveyTime>
      <surveyTime>1315</surveyTime>
      <surveyTime>1333</surveyTime>
      <surveyTime>1351</surveyTime>
      <surveyTime>1369</surveyTime>
      <surveyTime>1388</surveyTime>
      <surveyTime>1406</surveyTime>
      <surveyTime>1424</surveyTime>
      <surveyTime>1442</surveyTime>
      <surveyTime>1461</surveyTime>
    </surveys>
    <ageGroup lowerbound="0">
      <group upperbound="0.25"/>
      <group upperbound="0.5"/>
      <group upperbound="0.75"/>
      <group upperbound="1"/>
      <group upperbound="1.5"/>
      <group upperbound="2"/>
      <group upperbound="3"/>
      <group upperbound="4"/>
      <group upperbound="5"/>
      <group upperbound="6"/>
      <group upperbound="7"/>
      <group upperbound="8"/>
      <group upperbound="9"/>
      <group upperbound="10"/>
      <group upperbound="12"/>
      <group upperbound="14"/>
      <group upperbound="16"/>
      <group upperbound="18"/>
      <group upperbound="20"/>
      <group upperbound="25"/>
      <group upperbound="30"/>
      <group upperbound="35"/>
      <group upperbound="40"/>
      <group upperbound="45"/>
      <group upperbound="50"/>
      <group upperbound="55"/>
      <group upperbound="60"/>
      <group upperbound="65"/>
      <group upperbound="70"/>
      <group upperbound="99"/>
    </ageGroup>
  </monitoring>

  <interventions name="Full Set">
    <vaccineDescription vaccineType="3">
      <halfLifeYrs value="10"/>
      <efficacyB value="10"/>
      <initialEfficacy value="0.512"/>
      <initialEfficacy value="0.64"/>
      <initialEfficacy value="0.8"/>
    </vaccineDescription>
    <vaccineDescription vaccineType="1">
      <halfLifeYrs value="10"/>
      <efficacyB value="10"/>
      <initialEfficacy value="0.512"/>
      <initialEfficacy value="0.64"/>
      <initialEfficacy value="0.8"/>
    </vaccineDescription>
    <iptiDescription iptiEffect="13">
      <infGenotype ACR="1" atten="1" freq="0.8" name="wt" proph="10" tolPeriod="4"/>
      <infGenotype ACR="1" atten="1" freq="0.1" name="108" proph="2" tolPeriod="4"/>
      <infGenotype ACR="0.5" atten="1" freq="0.1" name="triples" proph="0" tolPeriod="4"/>
    </iptiDescription>
    <anopheles mosquito="gambiae_ss">
      <ITNDescription name="LLIN test">
        <deterrency halflife="3" initial="0.44"/>
        <preprandialKillingEffect halflife="3" initial="0.27"/>
        <postprandialKillingEffect halflife="3" initial="0.27"/>
      </ITNDescription>
      <IRSDescription name="DDT test">
        <deterrency halflife="0.5" initial="0.56"/>
        <killingEffect halflife="0.5" initial="0.24"/>
      </IRSDescription>
      <VADescription name="hypothetical deterrency">
	<deterrency halflife="4" initial="0.2"/>
      </VADescription>
    </anopheles>
    <continuous>
      <vaccine coverage="0.95" targetAgeYrs="0.0833"/>
      <vaccine coverage="0.95" targetAgeYrs="0.17"/>
      <vaccine coverage="0.95" targetAgeYrs="0.25"/>
      <ITN coverage="0.95" targetAgeYrs="0.0833"/>
      <ipti coverage="0.95" targetAgeYrs="0.17"/>
      <ipti coverage="0.95" targetAgeYrs="0.25"/>
      <ipti coverage="0.95" targetAgeYrs="0.75"/>
    </continuous>
    <timed>
      <intervention time="1">
        <vaccinate coverage="0.95"/>
      </intervention>
      <intervention time="7">
        <MDA coverage="0.95"/>
        <vaccinate coverage="0.95"/>
        <ITN coverage="0.95"/>
        <IRS coverage="0.95"/>
	<VectorAvailability coverage="0.7"/>
      </intervention>
      <intervention time="13">
        <vaccinate coverage="0.95"/>
      </intervention>
      <intervention time="100">
	<larviciding>
	  <anopheles duration="1825" effectiveness="0.75" mosquito="gambiae_ss"/>
	</larviciding>
      </intervention>
      <intervention time="366">
        <vaccinate coverage="0.95"/>
      </intervention>
      <intervention time="731">
        <vaccinate coverage="0.95"/>
      </intervention>
      <intervention time="1096">
        <vaccinate coverage="0.95"/>
      </intervention>
    </timed>
  </interventions>

  

  <healthSystem><ImmediateOutcomes name="Tanzania ACT">
    <drugRegimen firstLine="ACT" inpatient="QN" secondLine="ACT"/>
    <initialACR>
      <ACT value="0.85"/>
      <QN value="0.998"/>
      <selfTreatment value="0.63"/>
    </initialACR>
    <compliance>
      <ACT value="0.9"/>
      <selfTreatment value="0.85"/>
    </compliance>
    <nonCompliersEffective>
      <ACT value="0"/>
      <selfTreatment value="0"/>
    </nonCompliersEffective>
    <pSeekOfficialCareUncomplicated1 value="0.04"/>
    <pSelfTreatUncomplicated value="0.01"/>
    <pSeekOfficialCareUncomplicated2 value="0.04"/>
    <pSeekOfficialCareSevere value="0.48"/>
    <pSequelaeInpatient>
      <item maxAgeYrs="5" value="0.0132"/>
      <item maxAgeYrs="99" value="0.005"/>
    </pSequelaeInpatient>
    
  </ImmediateOutcomes><CFR>
      <group cfr="0.09189" lowerbound="0"/>
      <group cfr="0.0810811" lowerbound="0.25"/>
      <group cfr="0.0648649" lowerbound="0.75"/>
      <group cfr="0.0689189" lowerbound="1.5"/>
      <group cfr="0.0675676" lowerbound="2.5"/>
      <group cfr="0.0297297" lowerbound="3.5"/>
      <group cfr="0.0459459" lowerbound="4.5"/>
      <group cfr="0.0945946" lowerbound="7.5"/>
      <group cfr="0.1243243" lowerbound="12.5"/>
      <group cfr="0.1378378" lowerbound="15"/>
    </CFR></healthSystem><entoData name="Namawala">
    <vector>
      <anopheles mosquito="gambiae_ss" propInfected="0.078" propInfectious="0.021">
        <eir EIRRotateAngle="0" a0="-5.835" a1="0.8968" a2="-0.4551" b1="2.678" b2="2.599"/>
        <mosq extrinsicIncubationPeriod="11" mosqHumanBloodIndex="0.939" mosqLaidEggsSameDayProportion="0.313" mosqProbBiting="0.95" mosqProbFindRestSite="0.95" mosqProbOvipositing="0.88" mosqProbResting="0.99" mosqRestDuration="3" mosqSeekingDuration="0.33" mosqSurvivalFeedingCycleProbability="0.623"/>
        <nonHumanHosts mosqProbBiting="0.95" mosqProbFindRestSite="0.95" mosqProbResting="0.99" mosqRelativeEntoAvailability="1.0" name="unprotectedAnimals"/>
      </anopheles>
      <anopheles mosquito="funestus" propInfected="0.078" propInfectious="0.021">
        <eir EIRRotateAngle="0" a0="-4.852" a1="-4.546" a2="-0.2198" b1="2.252" b2="-0.00743"/>
        <mosq extrinsicIncubationPeriod="11" mosqHumanBloodIndex="0.98" mosqLaidEggsSameDayProportion="0.616" mosqProbBiting="0.95" mosqProbFindRestSite="0.95" mosqProbOvipositing="0.88" mosqProbResting="0.99" mosqRestDuration="3" mosqSeekingDuration="0.33" mosqSurvivalFeedingCycleProbability="0.611"/>
        <nonHumanHosts mosqProbBiting="0.95" mosqProbFindRestSite="0.95" mosqProbResting="0.99" mosqRelativeEntoAvailability="1.0" name="unprotectedAnimals"/>
      </anopheles>
      <anopheles mosquito="arabiensis" propInfected="0.078" propInfectious="0.021">
        <eir EIRRotateAngle="0" a0="-3.638" a1="0.8968" a2="-0.4551" b1="2.678" b2="2.599"/>
        <mosq extrinsicIncubationPeriod="11" mosqHumanBloodIndex="0.871" mosqLaidEggsSameDayProportion="0.313" mosqProbBiting="0.95" mosqProbFindRestSite="0.95" mosqProbOvipositing="0.88" mosqProbResting="0.99" mosqRestDuration="3" mosqSeekingDuration="0.33" mosqSurvivalFeedingCycleProbability="0.623"/>
        <nonHumanHosts mosqProbBiting="0.95" mosqProbFindRestSite="0.95" mosqProbResting="0.99" mosqRelativeEntoAvailability="1.0" name="unprotectedAnimals"/>
      </anopheles>
    <nonHumanHosts name="unprotectedAnimals" number="1.0"/></vector>
  </entoData>

  

<model><ModelOptions>
    <option name="LOGNORMAL_MASS_ACTION" value="true"/>
    <option name="NO_PRE_ERYTHROCYTIC" value="true"/>
  </ModelOptions><clinical healthSystemMemory="6"/><parameters delta="0.000547945205479" interval="5" iseed="1" latentp="3">
    <parameter include="false" name="'-ln(1-Sinf)'" number="1" value="0.050736"/>
    <parameter include="false" name="Estar" number="2" value="0.03247"/>
    <parameter include="false" name="Simm" number="3" value="0.138161050830301"/>
    <parameter include="false" name="Xstar_p" number="4" value="1514.385853233699891"/>
    <parameter include="false" name="gamma_p" number="5" value="2.03692533424484"/>
    <parameter include="false" name="sigma2i" number="6" value="10.173598698525799"/>
    <parameter include="false" name="CumulativeYstar" number="7" value="35158523.31132510304451"/>
    <parameter include="false" name="CumulativeHstar" number="8" value="97.334652723897705"/>
    <parameter include="false" name="'-ln(1-alpha_m)'" number="9" value="2.33031045876193"/>
    <parameter include="false" name="decay_m" number="10" value="2.53106547375805"/>
    <parameter include="false" name="sigma2_0" number="11" value="0.655747311168152"/>
    <parameter include="false" name="Xstar_v" number="12" value="0.916181104713054"/>
    <parameter include="false" name="Ystar2" number="13" value="6502.26335600001039"/>
    <parameter include="false" name="alpha" number="14" value="142601.912520000012591"/>
    <parameter include="false" name="Density bias (non Garki)" number="15" value="0.177378570987455"/>
    <parameter include="false" name="        sigma2        " number="16" value="0.05"/>
    <parameter include="false" name="log oddsr CF community" number="17" value="0.736202"/>
    <parameter include="false" name="Indirect risk cofactor" number="18" value="0.018777338"/>
    <parameter include="false" name="Non-malaria infant mortality" number="19" value="49.539046599999999"/>
    <parameter include="false" name="Density bias (Garki)" number="20" value="4.79610772546704"/>
    <parameter include="false" name="Severe Malaria Threshhold" number="21" value="784455.599999999976717"/>
    <parameter include="false" name="Immunity Penalty" number="22" value="1"/>
    <parameter include="false" name="Immune effector decay" number="23" value="0"/>
    <parameter include="false" name="comorbidity intercept" number="24" value="0.0968"/>
    <parameter include="false" name="Ystar half life" number="25" value="0.275437402"/>
    <parameter include="false" name="Ystar1" number="26" value="0.596539864"/>
    <parameter include="false" name="Asexual immunity decay" number="27" value="0"/>
    <parameter include="false" name="Ystar0" number="28" value="296.302437899999973"/>
    <parameter include="false" name="Idete multiplier" number="29" value="2.797523626"/>
    <parameter include="false" name="critical age for comorbidity" number="30" value="0.117383"/>
  </parameters></model></scenario>